ID,Avg_fold,Length,Ref_GC,Covered_percent,Covered_bases,Plus_reads,Minus_reads,Read_GC,RNA_Avg_fold,RNA_Covered_bases,RNA_Covered_percent,RNA_Read_GC,Origin
0,103.1566,2908706,0.3688,99.9855,2908285,970417,970241,0.3692,36.4799,1321037,0.454166561,0.436,Arabidopsis
1,100.8561,2567660,0.3606,99.981,2567171,857796,857779,0.3609,30.0115,1060544,0.41303911,0.4342,Arabidopsis
2,101.7006,2453627,0.3627,99.9566,2452562,818997,818979,0.3632,34.086,1092622,0.445308924,0.433,Arabidopsis
3,100.9112,2140184,0.3639,99.9995,2140173,714577,714582,0.3644,35.3679,948373,0.443126853,0.4354,Arabidopsis
4,101.009,2070345,0.3656,99.9651,2069623,692790,692700,0.3661,33.5707,907134,0.43815596,0.433,Arabidopsis
5,102.9575,1873247,0.3718,99.8551,1870532,624632,624654,0.3722,35.5278,899643,0.48025861,0.4344,Arabidopsis
6,101.2513,1686204,0.3475,99.977,1685816,562985,562988,0.3479,28.8725,628078,0.372480435,0.4269,Arabidopsis
7,100.5694,1589229,0.364,99.9996,1589223,529901,529902,0.3641,31.5052,695999,0.437947583,0.4288,Arabidopsis
8,100.6177,1493936,0.3624,100,1493936,496401,496363,0.3628,36.1614,639129,0.427815516,0.4342,Arabidopsis
9,102.7105,1424547,0.3635,99.8722,1422727,473656,473673,0.364,30.2833,616965,0.433095574,0.4322,Arabidopsis
10,100.7651,1400164,0.3498,99.8983,1398740,464075,464095,0.3501,26.9397,535422,0.38239949,0.4237,Arabidopsis
11,101.2669,1376628,0.3535,99.9741,1376272,461202,461270,0.354,27.3178,542676,0.394206714,0.4287,Arabidopsis
12,100.5238,1175203,0.3612,99.991,1175097,392078,392072,0.3616,28.1573,507045,0.431453119,0.4307,Arabidopsis
13,100.915,1095291,0.3761,99.881,1093988,367243,367065,0.3765,33.9699,529768,0.483677854,0.436,Arabidopsis
14,102.3445,1051272,0.3471,99.8916,1050132,354091,354071,0.3478,23.5051,414899,0.394663798,0.4185,Arabidopsis
15,100.2839,1050532,0.3756,99.8485,1048940,350785,350845,0.3759,38.5882,491264,0.467633542,0.4413,Arabidopsis
16,100.6889,1041247,0.3676,99.9988,1041235,348096,348096,0.3678,34.6553,479491,0.460496885,0.4356,Arabidopsis
17,100.6312,1041117,0.3672,100,1041117,346472,346468,0.3676,37.9613,464934,0.446572287,0.4326,Arabidopsis
18,101.5604,997553,0.3568,100,997553,335846,335856,0.3569,26.7624,403456,0.404445679,0.431,Arabidopsis
19,106.983,993002,0.3718,99.8681,991692,336054,336104,0.3726,31.9721,462515,0.46577449,0.435,Arabidopsis
20,101.6672,981568,0.3609,99.9998,981566,327899,327900,0.3613,29.1225,411644,0.4193739,0.4339,Arabidopsis
21,102.0067,958045,0.3667,100,958045,320300,320390,0.3675,35.0344,414958,0.433129968,0.4345,Arabidopsis
22,101.4048,956258,0.3632,100,956258,319759,319768,0.3637,33.9664,401129,0.419477798,0.4353,Arabidopsis
23,109.5741,931436,0.3498,99.9771,931223,312369,312385,0.351,33.2336,336420,0.361184236,0.4289,Arabidopsis
24,100.7265,918398,0.3757,99.9567,918000,305357,305362,0.3759,33.6974,468399,0.510017443,0.438,Arabidopsis
25,100.1448,914453,0.3734,99.9493,913989,304310,304320,0.3736,33.2431,426185,0.46605457,0.4372,Arabidopsis
26,100.8958,902850,0.3625,100,902850,301529,301533,0.3624,34.7398,406172,0.44987761,0.4286,Arabidopsis
27,100.5941,900877,0.3602,99.9956,900837,301603,301607,0.3604,30.3794,379368,0.421109652,0.4319,Arabidopsis
28,104.1941,852194,0.3532,99.7724,850254,286416,286406,0.3533,27.0106,325949,0.382482158,0.4277,Arabidopsis
29,100.7641,836403,0.378,100,836403,278862,278885,0.3781,36.3165,419640,0.501719865,0.4348,Arabidopsis
30,100.2266,829824,0.3548,99.9635,829521,276283,276272,0.3553,28.0249,337408,0.406601882,0.4319,Arabidopsis
31,103.8014,799626,0.3538,100,799626,269313,269279,0.3543,26.4846,325587,0.407174104,0.4268,Arabidopsis
32,102.0241,798622,0.3547,100,798622,267577,267511,0.3549,25.5648,318438,0.39873432,0.4265,Arabidopsis
33,101.9465,797113,0.3468,100,797113,266957,267019,0.3475,22.073,287023,0.360078182,0.4259,Arabidopsis
34,104.2941,783476,0.3491,99.7641,781628,264224,264212,0.3506,22.4111,267825,0.341841996,0.4274,Arabidopsis
35,99.9282,779979,0.3551,99.4545,775724,258148,258067,0.3551,30.9918,320699,0.411163634,0.4304,Arabidopsis
36,104.0605,731583,0.3543,99.6829,729263,244037,244043,0.3545,27.1308,296411,0.405163871,0.43,Arabidopsis
37,102.2295,719463,0.3694,100,719463,241287,241650,0.3695,32.7685,322814,0.448687424,0.4341,Arabidopsis
38,100.9732,689047,0.3553,99.7589,687386,228846,228970,0.3556,36.7587,282128,0.409446671,0.4295,Arabidopsis
39,101.2605,685264,0.3711,100,685264,229625,229645,0.3723,40.609,318609,0.464943438,0.4347,Arabidopsis
40,102.2321,683924,0.3535,99.9911,683863,228742,228780,0.3537,27.7651,263117,0.384716723,0.4293,Arabidopsis
41,101.816,681868,0.349,99.8026,680522,227558,227738,0.3494,27.2982,257742,0.377993981,0.4261,Arabidopsis
42,105.4929,648418,0.3655,99.9028,647788,222655,222687,0.3647,26.7026,265402,0.409306959,0.4354,Arabidopsis
43,105.5761,631125,0.3543,99.9998,631124,210762,210742,0.3549,32.2806,246364,0.390356902,0.4233,Arabidopsis
44,107.031,615790,0.3593,99.999,615784,207744,207698,0.3599,30.843,253444,0.411575375,0.4302,Arabidopsis
45,100.084,611267,0.3516,99.9995,611264,203819,203819,0.3519,27.9913,238029,0.389402667,0.4327,Arabidopsis
46,100.211,606828,0.3566,100,606828,202212,202195,0.3572,29.1203,258112,0.425346227,0.4299,Arabidopsis
47,101.5519,591037,0.3567,99.9156,590538,195353,195409,0.3571,26.4477,232828,0.393931344,0.4305,Arabidopsis
48,100.4431,574865,0.3529,100,574865,191606,191642,0.3527,26.9317,226232,0.393539353,0.429,Arabidopsis
49,101.3009,572381,0.3602,100,572381,191491,191565,0.3607,33.0686,248056,0.433375671,0.4312,Arabidopsis
50,101.3782,562298,0.3482,99.9241,561871,188081,188153,0.349,23.4952,198572,0.353143707,0.4248,Arabidopsis
51,104.523,563515,0.3433,99.9991,563510,189389,189407,0.3432,25.1165,209267,0.371360124,0.422,Arabidopsis
52,104.3402,557100,0.3554,99.9998,557099,189427,189489,0.3573,29.2611,223125,0.400511578,0.4269,Arabidopsis
53,100.8124,554217,0.3521,100,554217,184938,184906,0.3521,24.1768,214080,0.38627469,0.4287,Arabidopsis
54,103.65,545691,0.3667,99.9907,545640,181820,181757,0.3672,35.9924,263278,0.482467184,0.4283,Arabidopsis
55,103.551,544667,0.3605,99.8381,543785,182929,182910,0.3614,31.3005,227588,0.417847969,0.4298,Arabidopsis
56,101.8156,542520,0.3392,99.9773,542397,181081,181057,0.3396,26.3885,179409,0.330695643,0.426,Arabidopsis
57,99.7444,541494,0.3574,99.3767,538119,178229,178228,0.3578,28.9968,220563,0.407323073,0.4294,Arabidopsis
58,101.1903,532426,0.3528,100,532426,177901,177908,0.3525,31.8764,207237,0.389231555,0.4298,Arabidopsis
59,102.6471,529769,0.3587,100,529769,178997,179034,0.3601,29.1952,206421,0.389643411,0.4304,Arabidopsis
60,108.7705,525037,0.3807,100,525037,178341,178326,0.381,30.5978,200052,0.381024575,0.4413,Arabidopsis
61,99.7605,520446,0.3705,99.7771,519286,172217,172207,0.3712,28.7844,225096,0.432505966,0.4407,Arabidopsis
62,100.4924,520199,0.366,99.6621,518441,172928,172930,0.3663,33.4265,233320,0.448520662,0.4304,Arabidopsis
63,101.6926,505316,0.346,99.8227,504420,169674,169652,0.3466,29.8762,168396,0.333248898,0.4306,Arabidopsis
64,101.8075,495472,0.3771,100,495472,164287,164282,0.3773,37.598,235933,0.47617827,0.4416,Arabidopsis
65,100.1744,493892,0.3776,100,493892,164893,164893,0.378,33.5349,238183,0.482257255,0.4479,Arabidopsis
66,99.7707,490233,0.3682,100,490233,163036,163037,0.3684,24.8409,217503,0.443672703,0.4358,Arabidopsis
67,102.6347,480630,0.3401,99.9998,480629,161815,161766,0.3407,12.5163,74881,0.155797599,0.4273,Arabidopsis
68,101.0375,462767,0.3767,99.9994,462764,154762,154757,0.3775,37.577,222110,0.479960758,0.4414,Arabidopsis
69,138.0928,462244,0.3506,99.9952,462222,153761,153765,0.3509,27.3395,155659,0.336746394,0.4268,Arabidopsis
70,100.03,450273,0.3524,100,450273,149202,149160,0.3526,26.844,154548,0.343231773,0.433,Arabidopsis
71,103.6179,441871,0.344,99.7947,440964,150333,150338,0.3471,18.2778,114127,0.258281263,0.4246,Arabidopsis
72,107.4314,443581,0.3572,99.5764,441702,149541,149436,0.3552,30.0125,178444,0.402280531,0.4275,Arabidopsis
73,100.9978,441905,0.3694,100,441905,147756,147727,0.3701,30.3477,198932,0.450169154,0.4359,Arabidopsis
74,99.6688,420256,0.3563,99.9653,420110,139649,139700,0.357,32.0337,179449,0.426999258,0.4229,Arabidopsis
75,99.7179,418936,0.364,99.9921,418903,139271,139275,0.3642,31.7621,175109,0.417985086,0.437,Arabidopsis
76,104.2127,416877,0.3487,100,416877,140878,140687,0.3491,26.8595,145778,0.349690676,0.4299,Arabidopsis
77,99.844,415044,0.3626,99.7776,414121,138045,138069,0.363,24.0851,174610,0.420702383,0.437,Arabidopsis
78,100.4726,413478,0.3598,99.9998,413477,137813,137812,0.3601,31.1371,186623,0.451349286,0.428,Arabidopsis
79,117.638,410582,0.3336,99.9963,410567,139373,139373,0.3371,14.4882,100036,0.243644388,0.423,Arabidopsis
80,109.904,409598,0.3515,99.9182,409263,136949,136917,0.3514,28.1665,161129,0.393383268,0.4307,Arabidopsis
81,101.3381,406474,0.3381,98.7512,401398,133432,133438,0.3381,16.4836,113932,0.280293451,0.4229,Arabidopsis
82,117.1615,407199,0.3342,99.0631,403384,137900,137766,0.3331,19.229,118511,0.291039516,0.416,Arabidopsis
83,126.0358,387477,0.343,99.999,387473,136619,136726,0.3436,6.0022,33304,0.085950908,0.4197,Arabidopsis
84,116.3783,376918,0.3288,99.7679,376043,126993,127024,0.3315,16.7562,93053,0.246878631,0.4283,Arabidopsis
85,106.4341,374549,0.3465,99.9995,374547,126040,126144,0.3471,20.0504,128122,0.342070063,0.4276,Arabidopsis
86,102.1497,370494,0.3485,99.9997,370493,123211,123230,0.3486,22.1805,144473,0.389946936,0.4244,Arabidopsis
87,100.199,354625,0.3437,99.7772,353835,118029,118032,0.3441,17.9078,104761,0.295413465,0.4265,Arabidopsis
88,99.0062,351173,0.3612,99.5971,349758,115516,115517,0.3616,28.0409,152044,0.432960393,0.4272,Arabidopsis
89,109.8881,347876,0.3464,100,347876,120299,120297,0.3478,21.8123,127343,0.366058596,0.4197,Arabidopsis
90,114.6364,352166,0.3695,99.9994,352164,121728,121229,0.369,1.6788,8675,0.02463327,0.4159,Arabidopsis
91,100.4456,341285,0.3521,99.7378,340390,113404,113310,0.3523,19.9632,102568,0.300534744,0.4274,Arabidopsis
92,102.7218,341121,0.3518,100,341121,116043,116019,0.3518,25.5762,144729,0.424274671,0.4239,Arabidopsis
93,45.8804,342416,0.3444,99.9854,342366,47038,47093,0.3443,13.6666,223207,0.651859142,0.3658,Candida
94,107.9277,339267,0.3417,99.9988,339263,117138,117181,0.3468,19.3917,97429,0.287174998,0.4325,Arabidopsis
95,106.2217,334144,0.3623,99.9991,334141,112268,112267,0.3623,31.4567,139627,0.417864753,0.4322,Arabidopsis
96,100.7537,333904,0.3633,99.7811,333173,111220,111373,0.3637,30.7728,151985,0.455175739,0.4326,Arabidopsis
97,100.4607,330640,0.3683,99.9961,330627,109988,110054,0.3685,27.9109,153811,0.465191749,0.4314,Arabidopsis
98,101.5983,327537,0.3463,99.869,327108,109818,109799,0.3464,23.5871,117029,0.357300091,0.4329,Arabidopsis
99,105.7243,327425,0.3452,99.9991,327422,109263,109273,0.3458,24.4596,120681,0.36857601,0.4237,Arabidopsis
100,100.7417,326166,0.3878,99.9994,326164,109488,109504,0.3885,29.718,156522,0.479884476,0.4562,Arabidopsis
101,99.2055,327046,0.3377,100,327046,107678,107656,0.3382,25.8708,111080,0.339646411,0.4214,Arabidopsis
102,102.4832,317299,0.3661,99.994,317280,107089,107088,0.3689,27.698,144543,0.455541934,0.4313,Arabidopsis
103,154.2604,315676,0.359,100,315676,111932,111931,0.3614,2.7657,13049,0.041336687,0.4519,Arabidopsis
104,101.5731,312473,0.3543,99.5916,311197,105373,105361,0.3539,28.4438,112727,0.360757569,0.4287,Arabidopsis
105,570.7864,315535,0.3839,99.9949,315519,128699,128923,0.3858,14.0946,8680,0.027508834,0.4159,Arabidopsis
106,42.9617,307646,0.3223,99.9967,307636,40577,40606,0.3228,12.5675,190857,0.620378617,0.3384,Candida
107,109.5607,304476,0.3364,100,304476,103697,103762,0.3369,23.048,87737,0.288157359,0.4172,Arabidopsis
108,100.6672,304059,0.3405,99.8234,303522,101412,101404,0.3411,21.6825,106165,0.349159209,0.4212,Arabidopsis
109,105.5226,302080,0.3478,99.9997,302079,104520,104510,0.3458,21.9584,119186,0.394551112,0.4211,Arabidopsis
110,130.7667,303313,0.3703,99.9947,303297,102382,102360,0.372,8.1291,48413,0.159613996,0.4214,Arabidopsis
111,100.5396,297270,0.381,100,297270,99643,99654,0.3814,34.1623,145778,0.490389208,0.4359,Arabidopsis
112,101.7093,300402,0.3451,99.6721,299417,99313,99425,0.3457,18.4541,82853,0.275807085,0.4224,Arabidopsis
113,100.1181,296577,0.3862,99.9997,296576,99001,98990,0.3864,38.9299,149659,0.50462106,0.4525,Arabidopsis
114,104.6912,295804,0.3352,100,295804,101163,101294,0.3372,5.3161,30913,0.10450501,0.4235,Arabidopsis
115,139.0194,291157,0.3631,99.4316,289502,97890,97917,0.3612,23.6111,125480,0.430970233,0.433,Arabidopsis
116,113.7984,288735,0.3425,99.9997,288734,98817,98818,0.3419,25.8587,94697,0.327972016,0.4264,Arabidopsis
117,101.2732,285863,0.3696,99.7845,285247,95515,95513,0.3702,31.21,132973,0.465163382,0.4325,Arabidopsis
118,335.0511,289882,0.3965,99.9993,289880,113752,113690,0.4004,1.066,3515,0.012125624,0.4733,Arabidopsis
119,45.5088,286374,0.3326,99.9955,286361,38515,38451,0.3335,15.1019,175530,0.612939722,0.3567,Candida
120,124.2967,280643,0.3402,99.9989,280640,95376,95389,0.3414,18.5996,85591,0.304981774,0.4293,Arabidopsis
121,40.8231,278310,0.3396,99.4589,276804,36896,36906,0.3399,12.9213,171427,0.615957026,0.3569,Candida
122,101.7696,272985,0.3514,99.9985,272981,91408,91408,0.352,25.5719,116099,0.42529443,0.4236,Arabidopsis
123,106.3195,272960,0.3486,100,272960,90865,91024,0.3496,40.139,116259,0.425919549,0.4199,Arabidopsis
124,42.9917,276974,0.3186,100,276974,36735,36750,0.3195,12.3039,171030,0.617494783,0.3351,Candida
125,41.6925,273696,0.3363,99.9985,273692,36424,36418,0.337,11.84,160792,0.587483924,0.3569,Candida
126,102.8118,271209,0.354,99.8094,270692,91287,91302,0.3544,22.2387,112240,0.413850573,0.4206,Arabidopsis
127,104.9995,272335,0.3412,100,272335,92969,92902,0.3412,14.6278,88516,0.325026163,0.4224,Arabidopsis
128,40.8064,271640,0.3436,99.3845,269968,36190,36187,0.3447,13.2752,175301,0.645343101,0.364,Candida
129,102.3601,269950,0.3531,100,269950,90320,90258,0.3532,26.7575,109435,0.405389887,0.4265,Arabidopsis
130,100.4591,269836,0.3503,99.9989,269833,90371,90375,0.3507,27.323,105073,0.389395781,0.4226,Arabidopsis
131,99.4972,269562,0.3631,98.8693,266514,89417,89431,0.3637,29.6143,114279,0.423943286,0.4319,Arabidopsis
132,40.7714,269001,0.3402,99.9929,268982,35782,35790,0.341,12.8239,169027,0.628350824,0.3617,Candida
133,45.9742,270644,0.3372,99.9741,270574,35279,35297,0.3375,12.7193,168701,0.623331757,0.3567,Candida
134,101.9158,255476,0.3728,99.9996,255475,86412,86440,0.3727,42.3967,121021,0.473707902,0.4351,Arabidopsis
135,114.8966,255277,0.354,100,255277,87129,87160,0.3527,15.1868,63942,0.25048085,0.4277,Arabidopsis
136,45.4574,253676,0.3261,100,253676,33426,33397,0.3267,13.0236,158528,0.62492313,0.3422,Candida
137,102.9601,251071,0.3479,100,251071,84133,84175,0.3488,21.0917,88189,0.35125124,0.4302,Arabidopsis
138,44.8908,252708,0.3258,99.9976,252702,33407,33434,0.3261,15.098,154757,0.612394542,0.3457,Candida
139,101.1364,250582,0.3326,99.9996,250581,84492,84493,0.3333,19.4045,82511,0.329277442,0.4238,Arabidopsis
140,122.461,250848,0.333,99.9988,250845,88968,88978,0.3366,6.9496,31843,0.126941415,0.435,Arabidopsis
141,100.0374,247535,0.3402,99.9095,247311,82428,82423,0.3406,22.1091,88547,0.357715071,0.417,Arabidopsis
142,102.7507,245859,0.3684,100,245859,82902,82902,0.3687,26.9193,102952,0.418744077,0.4424,Arabidopsis
143,100.947,245836,0.3512,100,245836,82821,82758,0.3516,30.3057,104982,0.427040791,0.424,Arabidopsis
144,117.7831,244065,0.3486,100,244065,85316,85332,0.3516,2.7842,16495,0.067584455,0.4261,Arabidopsis
145,123.8279,241938,0.3606,99.9996,241937,81132,81162,0.3609,6.525,31971,0.132145426,0.433,Arabidopsis
146,103.5414,239284,0.3544,99.9992,239282,81505,81540,0.3558,25.6185,88292,0.368984136,0.4292,Arabidopsis
147,119.199,237641,0.3453,99.9996,237640,85480,85372,0.3475,29.6654,83180,0.350023775,0.4106,Arabidopsis
148,40.3357,236242,0.3325,100,236242,31543,31543,0.3332,12.8474,148015,0.626539735,0.3506,Candida
149,100.2239,233673,0.3588,99.9983,233669,77696,77697,0.3595,30.3659,103038,0.440949532,0.4274,Arabidopsis
150,198.7899,234116,0.3787,99.903,233889,85797,85858,0.3807,3.8907,11307,0.048296571,0.4551,Arabidopsis
151,102.5708,232569,0.3567,100,232569,79124,79141,0.3569,22.1399,96811,0.41626786,0.4305,Arabidopsis
152,40.5881,232314,0.3282,99.9677,232239,30876,30872,0.329,15.2166,131378,0.565519082,0.3472,Candida
153,103.8486,232172,0.3524,99.9987,232169,78210,78201,0.3534,28.1465,94823,0.408417036,0.4278,Arabidopsis
154,615.5358,235963,0.3595,99.9992,235961,97460,97488,0.3644,2.1176,10352,0.043871285,0.4306,Arabidopsis
155,220.1657,231601,0.3629,99.9974,231595,80821,80864,0.3641,3.6013,8184,0.035336635,0.4411,Arabidopsis
156,142.0424,229304,0.3649,100,229304,84720,84853,0.3681,6.6536,28639,0.124895335,0.4327,Arabidopsis
157,103.7428,224554,0.3524,99.955,224453,77505,77471,0.3557,19.0716,75649,0.33688556,0.4348,Arabidopsis
158,55.4758,223127,0.3151,99.9924,223110,30251,30263,0.3164,17.3929,144490,0.647568425,0.3248,Candida
159,124.1595,223259,0.3721,100,223259,79012,78707,0.3708,8.0548,28589,0.128053068,0.4223,Arabidopsis
160,111.9674,221676,0.3331,99.6445,220888,75794,75731,0.3347,13.2459,47370,0.213690251,0.4215,Arabidopsis
161,122.1385,226640,0.3704,99.9996,226639,78939,78809,0.3716,1.6842,10307,0.045477409,0.4636,Arabidopsis
162,103.2245,219648,0.379,100,219648,73866,73868,0.3796,30.5722,107766,0.490630463,0.4402,Arabidopsis
163,174.0703,219161,0.3708,99.9991,219159,77787,77720,0.3738,1.7888,8884,0.040536409,0.4432,Arabidopsis
164,100.4428,218364,0.3418,100,218364,72915,72926,0.3428,20.5714,83374,0.38181202,0.4201,Arabidopsis
165,44.49,219995,0.3375,100,219995,29564,29558,0.3381,12.5583,136100,0.618650424,0.3553,Candida
166,40.3514,217659,0.3452,99.9899,217637,28924,28924,0.3466,14.6585,153878,0.706968239,0.3611,Candida
167,106.1789,215964,0.3473,100,215964,75666,75712,0.3476,28.2431,81011,0.375113445,0.4233,Arabidopsis
168,21.8776,217748,0.3491,99.3791,216396,14635,14634,0.3497,6.8618,139246,0.639482337,0.3761,Candida
169,126.363,214410,0.3604,99.3256,212964,76323,76182,0.3625,3.5424,16644,0.077626976,0.4299,Arabidopsis
170,211.4336,212308,0.3797,99.9995,212307,76410,76286,0.3868,9.8266,31655,0.149099422,0.4433,Arabidopsis
171,108.7715,212639,0.3361,99.5029,211582,74162,74162,0.3396,13.8912,39833,0.187326878,0.4322,Arabidopsis
172,101.2751,210367,0.354,99.9225,210204,70793,70824,0.3547,21.3077,83302,0.395984161,0.4304,Arabidopsis
173,100.5987,210062,0.3417,99.6872,209405,70454,70462,0.343,18.7784,68026,0.323837724,0.4238,Arabidopsis
174,301.88,212249,0.3633,100,212249,81549,81535,0.3662,1.6695,6219,0.029300491,0.4358,Arabidopsis
175,108.8101,207762,0.3608,99.9995,207761,70434,70469,0.3626,8.0823,24123,0.116108817,0.4256,Arabidopsis
176,139.9807,212614,0.3701,99.9991,212612,77044,77139,0.3796,2.5583,12394,0.058293433,0.4289,Arabidopsis
177,100.4398,206766,0.3446,98.8518,204392,69243,69236,0.3442,20.1647,64076,0.309896211,0.4172,Arabidopsis
178,118.2398,206766,0.3701,99.8133,206380,73614,73598,0.3716,11.4885,31973,0.154633741,0.4355,Arabidopsis
179,101.5432,206070,0.3416,100,206070,68496,68495,0.3424,22.2449,68122,0.330576988,0.4283,Arabidopsis
180,176.8638,206833,0.3577,100,206833,76976,76994,0.3561,5.2808,12793,0.061851832,0.4362,Arabidopsis
181,100.0676,204675,0.3569,99.9995,204674,68240,68248,0.357,24.8079,83402,0.407485037,0.4346,Arabidopsis
182,167.091,202093,0.375,99.9975,202088,75841,75883,0.3796,2.687,8547,0.04229241,0.4169,Arabidopsis
183,40.3163,197188,0.3317,100,197188,26251,26260,0.3324,13.2389,131914,0.6689758,0.3458,Candida
184,123.9321,194094,0.3611,100,194094,65909,65901,0.3619,35.055,75474,0.388852824,0.4349,Arabidopsis
185,42.8923,193612,0.3478,100,193612,25923,25926,0.3489,13.2782,123921,0.640048138,0.3711,Candida
186,101.5139,189691,0.3677,99.9989,189689,63654,63642,0.3688,23.0305,82245,0.433573549,0.4396,Arabidopsis
187,129.2996,190651,0.3459,100,190651,64030,64016,0.3468,30.7342,77792,0.408033527,0.4196,Arabidopsis
188,101.2283,187502,0.3574,98.984,185597,63037,62973,0.3589,34.4443,74884,0.399377073,0.4289,Arabidopsis
189,201.5407,186682,0.3954,99.9995,186681,68453,68405,0.3977,0.533,1284,0.006878006,0.3952,Arabidopsis
190,125.5822,183316,0.3717,99.9984,183313,63195,63201,0.3731,0.1868,1190,0.006491523,0.4029,Arabidopsis
191,156.6961,179124,0.3763,99.4562,178150,73082,73699,0.3591,5.3,15970,0.089156115,0.4158,Arabidopsis
192,40.3638,182727,0.346,99.3843,181602,23905,23922,0.3469,13.2648,111405,0.609680014,0.3685,Candida
193,100.1526,178061,0.3721,99.9905,178044,59456,59456,0.372,30.3826,75629,0.424736467,0.4496,Arabidopsis
194,99.872,176488,0.3503,99.7382,176026,58699,58711,0.3511,15.7219,59289,0.335937854,0.4296,Arabidopsis
195,43.6625,180745,0.3353,98.0768,177269,24703,24653,0.337,12.3493,109216,0.604254613,0.3614,Candida
196,44.4202,176587,0.338,100,176587,24868,24901,0.3387,11.8627,95343,0.539920832,0.354,Candida
197,37.3972,174682,0.3556,99.9788,174645,21716,21713,0.3551,13.5071,119773,0.685663091,0.3796,Candida
198,109.9827,171315,0.3619,100,171315,62402,62399,0.3653,24.825,63795,0.372384205,0.4392,Arabidopsis
199,116.2453,177475,0.3611,100,177475,58556,58602,0.3627,14.5636,20784,0.117109452,0.4399,Arabidopsis
200,41.4281,170060,0.3157,100,170060,22394,22387,0.3169,20.4212,108204,0.636269552,0.3277,Candida
201,38.2156,171920,0.3274,96.5455,165981,21241,21233,0.3313,12.0724,99302,0.577605863,0.3499,Candida
202,97.9496,166486,0.3614,99.1243,165028,54364,54373,0.3621,34.2717,67986,0.408358661,0.4295,Arabidopsis
203,103.1785,167348,0.3403,100,167348,55152,55168,0.3419,7.1987,18723,0.111880632,0.4282,Arabidopsis
204,110.7776,167570,0.351,99.9988,167568,57662,57655,0.3518,4.5692,11318,0.067541923,0.4168,Arabidopsis
205,131.2874,165150,0.3683,100,165150,66371,65860,0.3742,18.3763,58073,0.351637905,0.4315,Arabidopsis
206,101.4795,164823,0.3614,100,164823,55792,55809,0.362,31.0703,74438,0.451623863,0.4296,Arabidopsis
207,102.9505,163848,0.3493,99.82,163553,55258,55240,0.3505,8.7483,23740,0.144890386,0.425,Arabidopsis
208,99.3334,160544,0.3685,100,160544,53101,53115,0.3687,32.3351,81452,0.50735001,0.4295,Arabidopsis
209,107.0284,160497,0.3393,100,160497,55322,55329,0.3409,14.9931,44981,0.28026069,0.4225,Arabidopsis
210,107.2666,159191,0.3451,99.9818,159162,56311,56265,0.3513,12.8233,29165,0.183207593,0.4194,Arabidopsis
211,20.2222,157781,0.353,99.9968,157776,10631,10631,0.3528,7.5606,111016,0.703608166,0.3722,Candida
212,99.9367,157243,0.3457,99.4683,156407,51876,51885,0.3462,30.0161,41231,0.26221199,0.4175,Arabidopsis
213,48.9327,158306,0.3233,99.9981,158303,21135,21168,0.3244,14.0213,108380,0.684623451,0.3329,Candida
214,100.0048,156581,0.3349,99.9987,156579,52160,52159,0.3347,13.7965,31115,0.198715042,0.4436,Arabidopsis
215,100.9409,156513,0.3687,99.3962,155568,52660,52699,0.3686,19.3021,67587,0.431829944,0.4346,Arabidopsis
216,39.4677,156696,0.3232,99.3057,155608,20397,20395,0.3234,11.7456,89640,0.572063103,0.3421,Candida
217,40.8385,156135,0.3225,100,156135,20819,20820,0.3221,12.4525,96731,0.619534377,0.3362,Candida
218,105.7639,154156,0.3743,99.9987,154154,52096,52040,0.3766,29.2402,59450,0.385648304,0.4398,Arabidopsis
219,100.2641,153799,0.3322,99.3602,152815,51200,51187,0.3335,11.8909,36646,0.23827203,0.4312,Arabidopsis
220,212.6145,156059,0.3979,99.0728,154612,61082,61066,0.4029,5.2044,8473,0.054293568,0.4591,Arabidopsis
221,174.0885,152611,0.374,98.8074,150791,52018,52001,0.3762,2.4157,2855,0.018707695,0.3885,Arabidopsis
222,40.479,152812,0.3452,99.6283,152244,20557,20538,0.3463,12.6889,94603,0.619080962,0.3675,Candida
223,114.1999,152119,0.3472,100,152119,53003,52952,0.3509,11.9113,30249,0.1988509,0.4163,Arabidopsis
224,207.7051,151736,0.3826,99.9993,151735,56777,56832,0.3832,2.6061,6549,0.043160489,0.4253,Arabidopsis
225,112.3621,149416,0.3392,99.9993,149415,51747,51756,0.3361,20.9463,44404,0.297183702,0.425,Arabidopsis
226,116.63,149455,0.3643,99.9993,149454,56279,56257,0.3735,3.3629,11962,0.080037469,0.4138,Arabidopsis
227,41.4286,147871,0.3469,100,147871,19749,19752,0.3474,14.3546,93104,0.62962988,0.3688,Candida
228,41.0116,147743,0.3461,100,147743,19935,19929,0.346,13.5059,97023,0.656701164,0.3702,Candida
229,98.7251,145532,0.3368,99.9979,145529,47603,47605,0.3374,11.2565,38376,0.263694583,0.4241,Arabidopsis
230,99.7197,145291,0.345,99.9759,145256,48302,48301,0.346,21.669,48823,0.336035955,0.4251,Arabidopsis
231,133.5923,146371,0.3756,100,146371,53533,53547,0.3723,11.712,13370,0.091343231,0.4373,Arabidopsis
232,51.9505,147550,0.3353,100,147550,22181,22100,0.3364,15.5697,90976,0.616577431,0.3578,Candida
233,122.8842,144319,0.3336,99.9986,144317,49716,49639,0.3329,10.3817,28713,0.198955093,0.4205,Arabidopsis
234,40.7428,142539,0.3296,99.9986,142537,19324,19323,0.3301,11.8441,82381,0.577954104,0.3509,Candida
235,118.1469,142174,0.3723,99.9979,142171,49410,49383,0.3713,2.3058,5491,0.038621689,0.4354,Arabidopsis
236,102.2243,141988,0.3536,99.9887,141972,48366,48373,0.3548,26.5045,50876,0.35831197,0.4281,Arabidopsis
237,103.7751,141972,0.3555,99.9972,141968,48334,48329,0.3565,19.2855,47202,0.332474009,0.4236,Arabidopsis
238,39.0947,142391,0.3164,96.7505,137764,17974,17965,0.3189,11.1628,81467,0.572135879,0.3317,Candida
239,126.9741,141349,0.3751,100,141349,47992,48049,0.3751,0.4968,982,0.006947343,0.4836,Arabidopsis
240,113.376,141135,0.3414,99.1965,140001,47237,47273,0.3428,13.857,18163,0.128692387,0.434,Arabidopsis
241,107.0579,139850,0.3558,100,139850,48487,48419,0.3592,30.0894,47973,0.34303182,0.4339,Arabidopsis
242,41.5288,136819,0.3346,100,136819,18745,18741,0.3351,12.7736,84693,0.619014903,0.3517,Candida
243,102.1324,136539,0.3536,99.989,136524,46193,46199,0.3526,21.9799,57835,0.423578611,0.4243,Arabidopsis
244,99.3465,136225,0.3764,99.9222,136119,45117,45120,0.377,31.8276,67505,0.495540466,0.4382,Arabidopsis
245,99.5564,135826,0.3356,99.9897,135812,45081,45081,0.3356,22.6822,51765,0.3811126,0.4123,Arabidopsis
246,104.1162,144540,0.3522,99.9986,144538,49742,49750,0.3533,24.5369,53038,0.366943407,0.4313,Arabidopsis
247,43.7857,135633,0.3252,99.9742,135598,17555,17568,0.3262,14.6897,83018,0.612078182,0.3443,Candida
248,20.0719,133911,0.3223,100,133911,8944,8942,0.3227,5.8632,78201,0.583977418,0.3382,Candida
249,24.1133,133097,0.3174,98.5033,131105,10553,10619,0.3238,6.8137,68464,0.514391759,0.3415,Candida
250,103.6516,132415,0.3786,100,132415,44956,44978,0.3787,22.0682,57007,0.430517691,0.4378,Arabidopsis
251,107.5944,131789,0.3535,100,131789,44795,44776,0.3542,15.5338,42279,0.320808262,0.4339,Arabidopsis
252,140.3767,130653,0.3996,99.9992,130652,51418,51329,0.3974,2.7844,3706,0.028365212,0.4462,Arabidopsis
253,101.6418,130309,0.3881,100,130309,43879,43926,0.3889,35.2926,75481,0.579246253,0.4445,Arabidopsis
254,20.837,130281,0.3259,99.9985,130279,8996,8964,0.3272,5.8898,73982,0.567864846,0.3418,Candida
255,42.0382,131138,0.3466,99.5745,130580,17711,17715,0.3483,13.6231,86798,0.661882902,0.3627,Candida
256,192.447,131303,0.4017,99.9954,131297,47777,47928,0.4027,2.1251,3657,0.02785161,0.4117,Arabidopsis
257,102.5729,129222,0.34,99.7678,128922,44183,44183,0.3419,18.547,47335,0.366307595,0.4218,Arabidopsis
258,100.1868,129143,0.3641,98.6813,127440,43126,43135,0.3638,27.5649,49840,0.385928777,0.4362,Arabidopsis
259,125.7096,128208,0.3504,99.9992,128207,50631,51050,0.3519,27.3241,44908,0.350274554,0.4388,Arabidopsis
260,143.8524,127418,0.3414,100,127418,52678,52671,0.3528,14.4088,17410,0.136636896,0.4316,Arabidopsis
261,39.7715,125914,0.379,99.4973,125281,16701,16693,0.3794,15.5292,91041,0.723041123,0.3992,Candida
262,101.6052,123518,0.3388,100,123518,41195,41239,0.3394,10.607,33807,0.273700999,0.4315,Arabidopsis
263,41.8375,122917,0.3137,99.9943,122910,16602,16590,0.3144,12.061,68428,0.556700863,0.3348,Candida
264,40.1887,121550,0.3381,99.0596,120407,16218,16228,0.3381,11.5817,68215,0.561209379,0.3645,Candida
265,100.6954,121111,0.3377,99.5888,120613,40440,40404,0.3384,16.3332,33226,0.274343371,0.419,Arabidopsis
266,149.1735,118747,0.4102,100,118747,42020,42027,0.4127,3.3648,6082,0.051218136,0.4237,Arabidopsis
267,109.5695,118657,0.3468,99.807,118428,41804,41787,0.3418,15.6547,33757,0.284492276,0.4187,Arabidopsis
268,154.7287,119296,0.3928,99.7821,119036,42361,42402,0.393,0.0425,170,0.001425027,0.3358,Arabidopsis
269,105.9417,118481,0.3478,98.9382,117223,41091,41090,0.3484,21.0692,43447,0.366700146,0.43,Arabidopsis
270,99.396,117971,0.3639,99.9127,117868,39076,39076,0.3651,24.4941,47597,0.403463563,0.4313,Arabidopsis
271,38.3903,117538,0.3167,98.2321,115460,14893,14887,0.3177,12.0884,73553,0.625780599,0.3313,Candida
272,158.0034,118384,0.3709,99.9958,118379,39991,39938,0.3717,1.1668,3407,0.028779227,0.425,Arabidopsis
273,40.2723,117643,0.3698,99.6234,117200,15821,15819,0.3706,15.612,82919,0.704835817,0.3927,Candida
274,39.765,117394,0.3235,98.471,115599,15357,15357,0.3234,12.5673,73211,0.623634939,0.3353,Candida
275,109.9812,116973,0.3398,99.9991,116972,42247,42235,0.3402,12.2179,16713,0.142879126,0.4176,Arabidopsis
276,103.9713,116472,0.3621,100,116472,39711,39717,0.3635,37.2777,51819,0.444905213,0.429,Arabidopsis
277,103.3493,115046,0.3585,99.9974,115043,39230,39230,0.3596,20.795,46756,0.406411349,0.4259,Arabidopsis
278,101.4005,114000,0.3775,99.9991,113999,37752,37826,0.3793,33.7161,52657,0.461903509,0.4472,Arabidopsis
279,109.295,115324,0.3461,100,115324,39436,39453,0.347,6.4866,14414,0.124986993,0.416,Arabidopsis
280,189.4311,117218,0.4111,100,117218,40495,40315,0.4111,0.3774,1528,0.013035541,0.462,Arabidopsis
281,138.2047,114762,0.3787,99.9895,114750,39596,39529,0.3812,1.4802,3203,0.027909935,0.4435,Arabidopsis
282,104.527,112949,0.3349,99.9965,112945,38874,38852,0.3381,9.4572,18800,0.166446803,0.4324,Arabidopsis
283,101.4514,112826,0.3382,100,112826,38132,38190,0.3382,20.3682,35889,0.318091575,0.4295,Arabidopsis
284,40.7694,111313,0.3539,99.9991,111312,14989,15028,0.3545,14.1632,75654,0.679651074,0.377,Candida
285,110.4125,110586,0.3607,100,110586,37684,37446,0.3613,11.1798,18564,0.167869351,0.4202,Arabidopsis
286,36.1044,110286,0.3433,97.9771,108055,13274,13278,0.3428,11.4689,66477,0.602769164,0.3621,Candida
287,20.2129,109771,0.3744,100,109771,7217,7220,0.3745,7.7473,81875,0.74587095,0.3926,Candida
288,101.9148,109148,0.3357,99.016,108074,36240,36280,0.3361,18.8336,37637,0.344825375,0.4154,Arabidopsis
289,101.6406,108957,0.3441,99.6411,108566,36590,36585,0.3445,14.4446,30066,0.275943721,0.4037,Arabidopsis
290,105.3723,108278,0.3594,99.9991,108277,38037,38041,0.3604,27.8094,49442,0.45662092,0.4226,Arabidopsis
291,100.5176,107920,0.3694,100,107920,36118,36121,0.3698,31.4498,55207,0.511554855,0.4285,Arabidopsis
292,99.9463,107426,0.3467,100,107426,35804,35798,0.3476,8.169,19559,0.182069518,0.4253,Arabidopsis
293,106.9854,107375,0.3315,99.9879,107362,37561,37599,0.3316,20.0896,22283,0.207525029,0.422,Arabidopsis
294,103.7681,106841,0.3348,99.9981,106839,36710,36762,0.3358,19.0705,24429,0.228648178,0.4243,Arabidopsis
295,22.4649,106935,0.3754,100,106935,7344,7376,0.3758,7.3291,74165,0.693552158,0.3959,Candida
296,97.6793,106116,0.3915,98.6138,104645,34556,34556,0.3929,30.8958,53440,0.503599834,0.4554,Arabidopsis
297,101.1567,106059,0.3235,99.6917,105732,35543,35547,0.3243,13.5436,26982,0.254405567,0.4301,Arabidopsis
298,122.211,105808,0.3488,98.8611,104603,41068,41019,0.3506,8.0645,15238,0.144015575,0.4285,Arabidopsis
299,102.3101,105178,0.3331,100,105178,35402,35403,0.3323,5.3699,12907,0.122715777,0.4108,Arabidopsis
300,101.4525,104817,0.3306,99.9962,104813,34844,34861,0.331,7.5485,16524,0.157646183,0.4162,Arabidopsis
301,101.075,104566,0.3418,99.9981,104564,34474,34468,0.342,16.3741,32110,0.307078783,0.4132,Arabidopsis
302,20.479,104484,0.3541,100,104484,6954,6957,0.3543,6.9656,67544,0.646453045,0.3728,Candida
303,127.2397,104134,0.3603,99.999,104133,43663,43454,0.3736,4.8462,13027,0.125098431,0.4374,Arabidopsis
304,51.3232,104146,0.3189,99.9981,104144,13687,13697,0.3203,13.5359,63259,0.60740691,0.3352,Candida
305,40.2123,104703,0.347,99.9971,104700,13744,13744,0.3472,13.1686,66637,0.636438306,0.3726,Candida
306,44.9278,104064,0.3302,99.975,104038,12890,12943,0.3302,11.9731,64106,0.616024754,0.3411,Candida
307,40.4608,102867,0.335,100,102867,13700,13694,0.3363,12.779,65985,0.64145936,0.3575,Candida
308,105.8455,101885,0.343,100,101885,35806,35913,0.348,12.9448,25433,0.249624577,0.4211,Arabidopsis
309,19.9058,101373,0.3023,99.7909,101161,6728,6727,0.3022,5.3944,54666,0.539256015,0.3062,Candida
310,117.5711,101351,0.3587,99.3636,100706,37504,37500,0.363,5.7016,6830,0.067389567,0.4292,Arabidopsis
311,40.9721,100090,0.3274,100,100090,13318,13308,0.3296,11.5836,54865,0.548156659,0.3525,Candida
312,38.9483,100455,0.3276,99.99,100445,12993,12993,0.3277,13.0022,66479,0.661778906,0.3418,Candida
313,99.3897,99391,0.3617,98.8087,98207,32839,32817,0.3623,24.6468,49804,0.501091648,0.4129,Arabidopsis
314,41.5371,100285,0.3484,98.4933,98774,13917,13880,0.3478,12.7243,60987,0.60813681,0.3741,Candida
315,39.5698,102379,0.3046,100,102379,13194,13203,0.3062,10.7205,56208,0.549018842,0.3129,Candida
316,100.1405,98292,0.3473,99.9786,98271,32820,32820,0.3475,21.6678,32429,0.329925121,0.4398,Arabidopsis
317,101.0998,98106,0.3489,100,98106,32578,32539,0.3488,25.5393,38990,0.397427273,0.4254,Arabidopsis
318,100.9584,97823,0.3384,99.9867,97810,32865,32867,0.3379,9.0664,17555,0.179456774,0.4256,Arabidopsis
319,182.1019,97978,0.3836,99.9908,97969,39722,39775,0.3886,3.7599,6366,0.06497377,0.4247,Arabidopsis
320,101.2717,95016,0.3394,98.9297,93999,31592,31579,0.3384,13.7887,27569,0.290151132,0.4379,Arabidopsis
321,113.0661,95402,0.359,99.5723,94994,33436,33529,0.3592,6.4527,9796,0.102681286,0.4286,Arabidopsis
322,98.4716,93946,0.3426,98.5066,92543,30852,30839,0.3431,19.9184,19285,0.2052775,0.425,Arabidopsis
323,464.1806,93198,0.3775,100,93198,35829,35841,0.3685,0.7634,1609,0.017264319,0.4288,Arabidopsis
324,125.9203,96226,0.3962,100,96226,35511,35578,0.4025,0.308,1586,0.016482032,0.4897,Arabidopsis
325,40.219,92491,0.3396,99.9416,92437,12393,12383,0.34,11.6121,53373,0.577061552,0.3645,Candida
326,99.6738,91498,0.355,97.3792,89100,30293,30301,0.3568,1.235,3258,0.035607336,0.4168,Arabidopsis
327,222.122,90772,0.3695,100,90772,42441,42964,0.3795,4.5742,4667,0.051414533,0.4078,Arabidopsis
328,104.4104,90424,0.3412,99.9735,90400,31443,31329,0.3436,7.9342,15677,0.173372114,0.4309,Arabidopsis
329,102.6671,90226,0.3372,99.9978,90224,30815,30804,0.3387,13.8322,26459,0.293252499,0.4235,Arabidopsis
330,178.7502,90111,0.3869,99.4118,89581,34035,33999,0.3873,0.1665,553,0.006136876,0.3105,Arabidopsis
331,105.7392,90998,0.3439,99.9989,90997,31011,31052,0.3437,15.27,17853,0.196191125,0.4281,Arabidopsis
332,105.1982,87958,0.3491,100,87958,29470,29576,0.3534,4.7596,7846,0.089201664,0.4286,Arabidopsis
333,40.2589,87848,0.3427,99.9715,87823,11694,11694,0.3439,10.9245,46118,0.524974957,0.3711,Candida
334,99.9425,85519,0.3119,99.9942,85514,28496,28495,0.3116,12.9125,17474,0.204328863,0.4189,Arabidopsis
335,101.8554,85373,0.3735,100,85373,28608,28611,0.3742,2.2468,1603,0.018776428,0.4164,Arabidopsis
336,102.0908,87188,0.3403,96.5821,84208,29424,29424,0.3419,8.7196,16916,0.194017525,0.4035,Arabidopsis
337,103.8669,84670,0.334,100,84670,28291,28215,0.3326,8.686,18570,0.219322074,0.4105,Arabidopsis
338,48.3558,84748,0.3853,99.9965,84745,12524,12480,0.3852,15.2062,60729,0.716583282,0.4018,Candida
339,40.9297,82948,0.3875,100,82948,11308,11332,0.3886,16.7265,62778,0.756835608,0.4098,Candida
340,39.4779,83914,0.3063,99.9654,83885,10903,10899,0.3077,10.875,45292,0.53974307,0.3173,Candida
341,40.8828,81943,0.3383,99.9951,81939,10915,10903,0.3401,13.4013,55834,0.681376078,0.3576,Candida
342,19.9803,81333,0.3378,99.9791,81316,5419,5418,0.3389,6.2745,49219,0.605154119,0.3599,Candida
343,106.0129,82827,0.3624,99.9891,82818,28922,28714,0.3704,9.4267,15268,0.184336026,0.4446,Arabidopsis
344,38.2797,80697,0.3383,99.4857,80282,10299,10298,0.3387,13.4218,53574,0.663890851,0.3604,Candida
345,39.9619,83159,0.332,100,83159,10983,10986,0.3328,11.0248,43468,0.522709508,0.3576,Candida
346,115.9349,80180,0.3657,100,80180,29396,29477,0.3699,20.491,30543,0.380930407,0.428,Arabidopsis
347,114.1103,80236,0.369,99.3382,79705,27944,27854,0.3701,2.6906,4611,0.057467969,0.4012,Arabidopsis
348,40.0485,79322,0.3137,100,79322,10553,10549,0.3135,11.1095,44472,0.560651522,0.3197,Candida
349,101.0097,79029,0.3407,100,79029,26615,26615,0.3403,7.9811,10540,0.133368763,0.4519,Arabidopsis
350,40.239,79019,0.3154,99.0218,78246,10203,10203,0.316,12.592,49129,0.621736544,0.3328,Candida
351,107.6633,76378,0.3305,99.9987,76377,26637,26725,0.3274,17.0482,24001,0.314239703,0.4271,Arabidopsis
352,39.1849,77612,0.3288,99.9987,77611,10145,10147,0.3305,13.2726,52180,0.672318714,0.3414,Candida
353,95.8907,76076,0.3583,97.7417,74358,23889,23888,0.3595,2.5303,2591,0.034058047,0.3978,Arabidopsis
354,133.0451,75809,0.3744,100,75809,32901,32901,0.3858,7.6301,10195,0.134482713,0.4285,Arabidopsis
355,100.3439,75505,0.3474,99.9987,75504,25261,25262,0.3467,11.9561,21133,0.279888749,0.4287,Arabidopsis
356,105.1008,78052,0.3799,98.1205,76585,26554,26544,0.3788,0.9056,1659,0.021255061,0.4471,Arabidopsis
357,39.2738,76483,0.3324,100,76483,10021,10022,0.3336,9.8489,37486,0.490121988,0.3565,Candida
358,91.1527,75471,0.3655,94.7079,71477,22922,22932,0.3648,25.1497,27021,0.358031562,0.4351,Arabidopsis
359,110.5346,75115,0.3694,100,75115,26597,26594,0.3703,36.0536,34833,0.463728949,0.426,Arabidopsis
360,107.6201,74262,0.3962,100,74262,25961,25966,0.3962,3.3364,3385,0.045581859,0.4527,Arabidopsis
361,117.5902,72952,0.3575,97.6752,71256,28251,28263,0.3717,5.6919,7444,0.102039697,0.4021,Arabidopsis
362,112.3189,71177,0.3439,99.9888,71169,26015,26017,0.344,16.9261,12084,0.169773944,0.4364,Arabidopsis
363,41.9623,70740,0.3305,99.8586,70640,9774,9780,0.3308,10.6864,35782,0.505824145,0.3555,Candida
364,129.4831,74362,0.3688,99.9906,74355,31203,31217,0.3741,5.4855,7280,0.097899465,0.424,Arabidopsis
365,39.6777,72418,0.3017,98.0903,71035,9557,9564,0.3035,13.9833,51181,0.70674418,0.3069,Candida
366,129.1611,69634,0.4149,99.9986,69633,26912,26902,0.4238,0.8596,2554,0.036677485,0.4776,Arabidopsis
367,120.584,69939,0.3458,99.9771,69923,25509,25510,0.3503,6.3325,8256,0.118045726,0.426,Arabidopsis
368,99.9891,68847,0.3389,99.9971,68845,22950,22960,0.3408,3.5707,5500,0.079887286,0.4435,Arabidopsis
369,120.4612,69691,0.3603,99.6183,69425,27180,27160,0.363,9.9807,9784,0.140391155,0.4067,Arabidopsis
370,99.2646,66859,0.332,99.7218,66673,22128,22128,0.3335,18.4781,14786,0.221151977,0.4287,Arabidopsis
371,113.6163,66487,0.3191,99.6691,66267,23354,23355,0.3162,18.7505,14053,0.211364628,0.4385,Arabidopsis
372,103.4401,66029,0.3771,99.9985,66028,22725,22714,0.3797,25.4513,32403,0.490738918,0.4352,Arabidopsis
373,134.4222,65812,0.3565,99.9985,65811,27004,27093,0.3711,1.348,1618,0.024585182,0.3955,Arabidopsis
374,100.7905,65831,0.324,99.9863,65822,21799,21793,0.3244,20.5084,16968,0.257750908,0.4085,Arabidopsis
375,176.5454,69643,0.3348,98.086,68310,33971,33961,0.3293,0.0919,517,0.007423575,0.4134,Arabidopsis
376,104.4413,65629,0.3463,99.5307,65321,22861,22863,0.3476,22.9361,26676,0.406466653,0.4158,Arabidopsis
377,117.5349,65648,0.3989,100,65648,23526,23527,0.401,1.151,2154,0.032811358,0.4341,Arabidopsis
378,103.1371,65321,0.3422,99.9939,65317,22534,22474,0.345,0.3065,699,0.010701,0.4304,Arabidopsis
379,120.5408,65031,0.3571,99.9985,65030,20875,20881,0.3617,6.0287,7746,0.119112423,0.4349,Arabidopsis
380,110.254,64778,0.3719,100,64778,23618,23613,0.3667,24.0701,31170,0.481181883,0.4348,Arabidopsis
381,112.433,64158,0.3438,99.9813,64146,23060,23013,0.3441,0.9818,2282,0.03556844,0.4405,Arabidopsis
382,44.2358,63757,0.3264,99.931,63713,8783,8814,0.3266,14.4207,41680,0.653732139,0.3415,Candida
383,39.2252,64867,0.3153,99.5683,64587,8435,8435,0.3169,12.3256,39411,0.607566251,0.332,Candida
384,104.4329,63038,0.3674,100,63038,21589,21573,0.3693,25.2276,28196,0.447285764,0.4434,Arabidopsis
385,38.2607,62885,0.3041,97.4286,61268,8034,8052,0.305,12.9292,40392,0.642315338,0.3145,Candida
386,117.7484,62890,0.3368,100,62890,24602,24599,0.3486,21.2994,16070,0.255525521,0.4288,Arabidopsis
387,99.6149,62620,0.3703,99.9665,62599,20793,20793,0.3694,26.8292,29919,0.47778665,0.4134,Arabidopsis
388,39.6885,62168,0.3348,97.021,60316,8264,8255,0.3379,11.9485,34822,0.560127397,0.3561,Candida
389,128.9677,60285,0.3524,98.9052,59625,24793,24781,0.3526,1.3645,2146,0.035597578,0.4191,Arabidopsis
390,102.0926,65108,0.3592,99.9939,65104,21759,21766,0.3605,14.8651,14425,0.221554955,0.4314,Arabidopsis
391,107.0765,61658,0.3364,98.7171,60867,21637,21644,0.3354,16.7249,17131,0.277839048,0.434,Arabidopsis
392,117.7927,61508,0.3388,100,61508,21917,21871,0.3386,10.4609,13208,0.214736294,0.4363,Arabidopsis
393,182.372,61466,0.4332,100,61466,28740,28606,0.4225,0,0,0,0,Arabidopsis
394,117.4171,61149,0.3805,100,61149,22298,22305,0.383,0.7623,1464,0.02394152,0.4195,Arabidopsis
395,41.6476,61117,0.3349,100,61117,8209,8219,0.3358,13.363,40350,0.660209107,0.3511,Candida
396,104.6542,60276,0.3489,100,60276,20849,20820,0.3506,9.2887,8184,0.135775433,0.4129,Arabidopsis
397,107.2606,61906,0.3455,99.9919,61901,21648,21663,0.3453,4.04,6012,0.097114981,0.4139,Arabidopsis
398,39.4547,58804,0.3671,100,58804,7698,7701,0.3684,14.5413,42197,0.717587239,0.3876,Candida
399,139.2611,59953,0.3703,98.7157,59183,27475,27480,0.3735,3.4548,3569,0.059529965,0.4613,Arabidopsis
400,40.7919,57981,0.3549,98.7479,57255,7808,7809,0.3556,12.4859,35091,0.605215502,0.38,Candida
401,40.6982,57121,0.3343,100,57121,7763,7767,0.3358,12.1871,34524,0.604401183,0.3514,Candida
402,101.7852,57121,0.35,99.9982,57120,19227,19234,0.3519,9.0128,11067,0.193746608,0.4369,Arabidopsis
403,101.0239,56867,0.3528,99.993,56863,18896,18819,0.3533,1.4434,1852,0.032567218,0.4029,Arabidopsis
404,105.9208,56914,0.3542,98.0936,55829,19822,19871,0.352,0.3666,656,0.011526162,0.4912,Arabidopsis
405,40.2753,55190,0.3133,98.4544,54337,7423,7440,0.3131,9.3991,25540,0.462764994,0.3346,Candida
406,142.4857,54818,0.4114,100,54818,21363,21350,0.4137,0.3846,503,0.009175818,0.5285,Arabidopsis
407,42.4021,54759,0.3149,100,54759,7766,7763,0.3169,13.6389,35093,0.640862689,0.3282,Candida
408,106.4652,54674,0.363,99.8006,54565,19321,19295,0.3625,0.853,980,0.017924425,0.4132,Arabidopsis
409,106.3057,55584,0.3651,99.9568,55560,19628,19675,0.3656,29.8783,24616,0.442861255,0.4277,Arabidopsis
410,42.0066,54017,0.355,99.9852,54009,7448,7445,0.3527,14.2481,35406,0.655460318,0.3782,Candida
411,42.6247,53526,0.4032,99.9944,53523,7232,7239,0.4034,16.4876,39364,0.735418301,0.4239,Candida
412,101.7438,53525,0.375,100,53525,17598,17600,0.3733,10.7621,13226,0.247099486,0.4288,Arabidopsis
413,28.4338,53265,0.3131,95.3215,50773,5170,5079,0.3245,5.7601,30402,0.570768798,0.3224,Candida
414,229.68,53117,0.4301,99.9962,53115,27583,26449,0.3991,1.4093,1765,0.033228533,0.4967,Arabidopsis
415,94.8735,52794,0.3584,98.3199,51907,16701,16704,0.3603,18.1365,17561,0.332632496,0.4193,Arabidopsis
416,106.2877,52821,0.3452,100,52821,18685,18720,0.3487,8.4514,9411,0.178167774,0.4151,Arabidopsis
417,112.2917,52617,0.3637,100,52617,18457,18457,0.3627,9.7645,3659,0.069540263,0.4191,Arabidopsis
418,121.6897,52186,0.377,96.2174,50212,18396,18400,0.3796,27.7022,19145,0.366860844,0.4254,Arabidopsis
419,533.389,50940,0.3882,100,50940,28185,28181,0.3923,41.7748,4510,0.088535532,0.4069,Arabidopsis
420,49.0242,52321,0.3294,97.4064,50964,7752,7730,0.3313,17.3533,34227,0.654173277,0.3434,Candida
421,117.4236,51486,0.3496,99.9981,51485,17356,17348,0.3513,12.8454,16897,0.328186303,0.427,Arabidopsis
422,40.6846,51015,0.3412,99.9863,51008,6885,6884,0.3412,14.7128,37932,0.743546016,0.3541,Candida
423,35.0444,50935,0.3353,54.7148,27869,5951,5951,0.3276,4.0166,11120,0.218317463,0.4744,Arabidopsis
424,116.3111,50434,0.3764,98.1005,49476,17482,17478,0.3813,0,0,0,0,Arabidopsis
425,86.0224,52483,0.3998,87.5674,45958,14397,14392,0.3894,0,0,0,0,Arabidopsis
426,99.0569,49574,0.3669,98.9632,49060,15770,15770,0.3676,0.3026,570,0.011497963,0.4344,Arabidopsis
427,93.7569,50810,0.3726,99.5473,50580,15881,15855,0.3735,35.5651,29090,0.572525093,0.4185,Arabidopsis
428,108.2924,48996,0.3667,99.9918,48992,17483,17492,0.3747,1.2138,1088,0.022205894,0.4128,Arabidopsis
429,40.0034,49846,0.3108,99.2517,49473,6570,6567,0.3162,9.366,23795,0.477370301,0.3167,Candida
430,43.9294,48931,0.3334,99.8283,48847,6863,6874,0.3324,11.5845,27462,0.561239296,0.3507,Candida
431,41.9641,48841,0.3411,100,48841,6793,6787,0.3423,14.8505,35393,0.724657562,0.3511,Candida
432,100.6466,48826,0.3654,100,48826,16385,16385,0.3643,21.1781,21153,0.433232294,0.4228,Arabidopsis
433,101.5403,48320,0.3474,100,48320,15903,15902,0.3473,5.818,8841,0.182967715,0.4104,Arabidopsis
434,40.494,47796,0.3158,100,47796,6376,6381,0.3181,10.0383,25095,0.525043937,0.3279,Candida
435,39.8251,47717,0.3069,100,47717,6339,6339,0.3074,11.2042,23771,0.498166272,0.3292,Candida
436,146.8537,47581,0.4494,100,47581,20289,20214,0.4499,0.5167,978,0.020554423,0.482,Arabidopsis
437,110.7331,47477,0.3348,99.8526,47407,17534,17544,0.339,9.3979,8821,0.185795227,0.4224,Arabidopsis
438,37.7144,48470,0.3106,97.6315,47322,6073,6074,0.3123,11.807,29700,0.612750155,0.3186,Candida
439,100.0093,47445,0.3376,99.9916,47441,15827,15802,0.3379,17.8371,11555,0.243545158,0.4362,Arabidopsis
440,119.8106,47235,0.4019,99.9936,47232,16419,16386,0.4018,0,0,0,0,Arabidopsis
441,39.3087,46760,0.3031,99.9658,46744,6127,6125,0.3028,11.2676,26585,0.568541488,0.3193,Candida
442,39.198,46306,0.348,98.1601,45454,6050,6074,0.3491,14.1971,32547,0.702867879,0.3655,Candida
443,52.7942,46824,0.305,98.8168,46270,7433,7387,0.3091,7.7251,18154,0.387707159,0.3065,Candida
444,103.7654,45545,0.3674,100,45545,15687,15688,0.3691,9.4687,6147,0.134965419,0.428,Arabidopsis
445,101.8936,45441,0.3626,100,45441,15447,15456,0.3609,24.2632,20435,0.449704012,0.4334,Arabidopsis
446,38.3317,45570,0.3283,99.3263,45263,5830,5824,0.3295,10.7107,25503,0.559644503,0.3376,Candida
447,121.7699,44847,0.3823,98.2318,44054,15505,15529,0.389,1.126,675,0.015051174,0.4552,Arabidopsis
448,124.7997,44216,0.3564,87.3575,38626,18389,18419,0.3743,0,0,0,0,Arabidopsis
449,114.3297,44165,0.3825,100,44165,14970,14970,0.3833,4.0831,3265,0.073927318,0.4173,Arabidopsis
450,22.8768,43707,0.3457,99.1992,43357,2988,2988,0.3509,9.1314,27088,0.619763425,0.3764,Candida
451,39.9299,43534,0.3351,100,43534,5799,5800,0.3368,10.7402,22813,0.524027197,0.3563,Candida
452,181.9858,43492,0.3441,100,43492,24925,24533,0.3717,6.3863,6098,0.140209694,0.4287,Arabidopsis
453,100.2507,42970,0.3276,99.9977,42969,14258,14258,0.3277,1.1006,1314,0.030579474,0.4077,Arabidopsis
454,39.8917,42895,0.3337,99.7506,42788,5717,5711,0.334,12.9631,27040,0.630376501,0.358,Candida
455,45.4352,43938,0.294,100,43938,6602,6591,0.2954,12.7476,27292,0.621147981,0.2859,Candida
456,121.6517,42765,0.3296,99.4669,42537,15962,15941,0.3319,5.485,6639,0.155243774,0.4187,Arabidopsis
457,162.5413,42083,0.335,98.9901,41658,19001,19006,0.3312,8.492,6007,0.142741725,0.4039,Arabidopsis
458,20.0963,41997,0.3071,100,41997,2802,2802,0.3081,6.1412,24592,0.585565636,0.3147,Candida
459,121.5223,41766,0.3463,99.9425,41742,16775,16897,0.3557,6.149,2959,0.070847101,0.4514,Arabidopsis
460,39.9179,41282,0.3331,100,41282,5480,5480,0.3323,11.8658,23661,0.57315537,0.3585,Candida
461,125.5178,42375,0.382,99.9976,42374,16618,16576,0.3863,0.2886,408,0.009628319,0.4552,Arabidopsis
462,122.96,41267,0.4194,100,41267,16057,16060,0.4126,0,0,0,0,Arabidopsis
463,20.3469,41056,0.3576,100,41056,2787,2792,0.3586,6.7879,26087,0.635400429,0.3867,Candida
464,114.0986,40494,0.3487,99.8271,40424,14748,14731,0.3508,1.8046,2547,0.062898207,0.4091,Arabidopsis
465,107.4217,40423,0.3843,99.9827,40416,14367,14350,0.3869,12.3064,9146,0.226257329,0.4335,Arabidopsis
466,105.192,40301,0.393,100,40301,14139,14139,0.3912,0,0,0,0,Arabidopsis
467,100.9081,40169,0.3777,94.9289,38132,13476,13498,0.3781,5.2989,5805,0.144514427,0.4288,Arabidopsis
468,136.4808,39655,0.4025,99.9975,39654,17852,17844,0.4133,0.1425,395,0.009960913,0.5527,Arabidopsis
469,102.1139,39567,0.3802,100,39567,13484,13495,0.3811,28.4342,21488,0.543078828,0.4422,Arabidopsis
470,101.6532,39548,0.3398,99.9899,39544,13408,13408,0.3425,6.338,5783,0.146227369,0.4278,Arabidopsis
471,96.4229,38772,0.349,96.4227,37385,12464,12464,0.3504,13.1322,13117,0.338311152,0.4331,Arabidopsis
472,110.0499,38162,0.3323,99.6856,38042,13442,13441,0.3393,1.6485,1042,0.027304649,0.4601,Arabidopsis
473,113.0395,37732,0.3929,95.2984,35958,14188,14191,0.3971,0,0,0,0,Arabidopsis
474,119.9518,37643,0.3444,99.9894,37639,13667,13789,0.3409,17.763,12600,0.334723587,0.4034,Arabidopsis
475,41.1776,39007,0.3277,98.649,38480,5307,5307,0.3289,12.5296,23112,0.592509037,0.3474,Candida
476,102.0916,38191,0.3473,99.9895,38187,12949,12948,0.3501,4.0264,4066,0.106464874,0.4334,Arabidopsis
477,101.7399,37337,0.3657,99.992,37334,12386,12313,0.3636,2.284,2692,0.072100062,0.4189,Arabidopsis
478,36.0696,36956,0.328,91.9607,33985,4469,4457,0.3301,8.5026,15020,0.406429267,0.3761,Candida
479,114.4931,36518,0.3698,99.9945,36516,13823,13855,0.3742,6.0343,4283,0.117284627,0.4626,Arabidopsis
480,197.3502,36366,0.3351,100,36366,16447,16447,0.3282,6.539,6050,0.166364186,0.4248,Arabidopsis
481,39.6389,36135,0.31,99.9447,36115,4792,4788,0.3104,9.8718,18399,0.509173931,0.321,Candida
482,39.9604,34861,0.2919,100,34861,4639,4640,0.2915,12.4504,21312,0.611342188,0.2954,Candida
483,134.0782,34357,0.3873,100,34357,12799,12818,0.3912,0,0,0,0,Arabidopsis
484,118.0222,34192,0.4131,99.9942,34190,12263,12314,0.412,0.4386,596,0.017430978,0.5016,Arabidopsis
485,100.4439,34002,0.3568,97.5296,33162,11274,11275,0.3574,3.3034,2265,0.066613729,0.4309,Arabidopsis
486,122.9333,33806,0.4511,97.181,32853,13145,13119,0.4536,0.3751,454,0.013429569,0.5194,Arabidopsis
487,396.832,35745,0.4093,99.7258,35647,17531,17572,0.4017,2.4553,974,0.027248566,0.393,Arabidopsis
488,106.1694,33658,0.3427,99.997,33657,11919,11922,0.3451,5.5652,2507,0.074484521,0.4156,Arabidopsis
489,43.4342,33461,0.3113,99.988,33457,4859,4853,0.3121,10.087,16094,0.480977855,0.3314,Candida
490,37.006,33305,0.3235,92.1994,30707,4078,4080,0.3218,10.0185,15805,0.47455337,0.3367,Candida
491,40.0524,33101,0.318,100,33101,4418,4425,0.3189,11.5926,18840,0.569167095,0.3274,Candida
492,215.4653,32895,0.3754,99.9848,32890,21675,21682,0.3586,6.7123,4152,0.12621979,0.4411,Arabidopsis
493,39.5065,32452,0.323,99.5316,32300,4276,4276,0.3241,11.9935,19644,0.605324787,0.3366,Candida
494,39.3964,32321,0.3354,98.1653,31728,4257,4246,0.3363,10.3485,17068,0.52807772,0.357,Candida
495,488.2096,32197,0.3966,100,32197,15157,15269,0.3841,1.7056,1667,0.05177501,0.4514,Arabidopsis
496,39.3808,32151,0.2892,99.7978,32086,4215,4213,0.2889,8.6231,14111,0.438897701,0.29,Candida
497,126.5587,32068,0.354,99.0052,31749,13563,13538,0.3604,0,0,0,0,Arabidopsis
498,218.6284,31849,0.3392,99.9906,31846,22532,22554,0.3624,10.8039,2819,0.088511413,0.4218,Arabidopsis
499,120.4998,31935,0.3466,100,31935,12719,12779,0.3607,5.0564,2309,0.072303116,0.4279,Arabidopsis
500,131.775,30978,0.3435,99.9968,30977,11786,11729,0.3413,7.7833,6568,0.212021435,0.4412,Arabidopsis
501,103.7386,30960,0.4111,99.9806,30954,10631,10632,0.4178,0.8784,661,0.021350129,0.4458,Arabidopsis
502,101.1629,31389,0.3426,99.9904,31386,10726,10773,0.3443,1.6358,1815,0.057822804,0.4035,Arabidopsis
503,120.5602,30537,0.3777,95.0192,29016,12081,12076,0.3817,0.5108,200,0.006549432,0.4493,Arabidopsis
504,27.8579,29965,0.4177,100,29965,2769,2780,0.4129,8.0836,17883,0.596796262,0.423,Candida
505,98.4896,30073,0.3376,99.9834,30068,9876,9875,0.3381,17.1718,9897,0.329099192,0.4217,Arabidopsis
506,121.9003,29984,0.3811,95.9678,28775,11992,11985,0.3906,0.1001,183,0.006103255,0.379,Arabidopsis
507,106.6453,30409,0.345,99.7369,30329,10764,10764,0.3491,10.6853,4930,0.162123056,0.4249,Arabidopsis
508,104.8883,29683,0.3279,99.9899,29680,10105,10099,0.3274,10.5295,5745,0.193545127,0.4319,Arabidopsis
509,132.558,29546,0.3588,99.9932,29544,12036,12008,0.3267,39.8972,12747,0.431428958,0.4203,Arabidopsis
510,119.2897,29459,0.3301,94.7079,27900,11057,11063,0.3321,8.4203,3317,0.112597169,0.4003,Arabidopsis
511,103.1581,29361,0.3775,100,29361,10087,10087,0.3778,41.3063,13818,0.470624298,0.4423,Arabidopsis
512,103.1659,29247,0.3625,98.8306,28905,9892,9876,0.3654,0,0,0,0,Arabidopsis
513,39.9361,28655,0.3062,99.8185,28603,3819,3828,0.3068,13.6189,19592,0.683720119,0.3118,Candida
514,40.017,28325,0.3319,100,28325,3780,3780,0.3322,12.9128,17297,0.610661959,0.3539,Candida
515,97.5032,28044,0.3141,99.4223,27882,9116,9116,0.3138,1.1775,1033,0.036834974,0.4033,Arabidopsis
516,128.7064,27864,0.3889,100,27864,11912,11940,0.4081,4.9193,3429,0.123062016,0.4593,Arabidopsis
517,127.0373,27714,0.3871,100,27714,11492,11564,0.377,0.4802,303,0.010933102,0.5118,Arabidopsis
518,39.9061,27146,0.299,100,27146,3617,3614,0.2997,11.8642,16085,0.592536654,0.3178,Candida
519,97.4236,27676,0.3378,99.8663,27639,9001,8992,0.3386,2.5203,1666,0.06019656,0.4423,Arabidopsis
520,6.7943,27507,0.302,36.2308,9966,621,621,0.2784,2.7424,6511,0.236703385,0.2871,Candida
521,42.4521,27317,0.3248,99.7877,27259,3874,3874,0.3258,7.2713,9949,0.36420544,0.3638,Candida
522,39.242,27264,0.3195,99.978,27258,3563,3568,0.3214,11.5281,16277,0.597014378,0.3358,Candida
523,120.9332,28335,0.4119,100,28335,11316,11320,0.4161,0,0,0,0,Arabidopsis
524,41.4353,26790,0.3434,99.6043,26684,3685,3682,0.3444,8.4712,10554,0.393952968,0.3686,Candida
525,40.0298,26219,0.3151,100,26219,3500,3500,0.3169,10.5174,13798,0.526259583,0.3366,Candida
526,119.7717,26197,0.3699,99.9962,26196,10237,10233,0.3697,4.5084,3302,0.126044967,0.3971,Arabidopsis
527,71.0624,25596,0.315,98.449,25199,4834,4837,0.3581,27.1792,16197,0.632794187,0.3784,Candida
528,186.784,25390,0.3973,100,25390,12842,12824,0.4048,1.4226,659,0.0259551,0.4656,Arabidopsis
529,161.2535,27000,0.3637,99.7148,26923,14229,14188,0.3733,3.2189,2094,0.077555556,0.4179,Arabidopsis
530,96.6291,25106,0.3836,100,25106,8051,8038,0.3895,2.6106,1480,0.058950052,0.4455,Arabidopsis
531,80.7432,25077,0.3467,97.1368,24359,6643,6654,0.352,2.4506,1529,0.060972206,0.398,Arabidopsis
532,31.5932,25913,0.3134,99.9074,25889,2640,2653,0.3181,10.6629,14506,0.559796241,0.3197,Candida
533,121.2696,24822,0.4491,99.9839,24818,9342,9353,0.4512,0.1269,206,0.00829909,0.5037,Arabidopsis
534,112.8561,24133,0.4084,93.3203,22521,8967,8971,0.4133,0,0,0,0,Arabidopsis
535,94.4282,24108,0.3543,99.4608,23978,7578,7578,0.3538,0.0144,200,0.008296001,0.445,Arabidopsis
536,109.9532,24549,0.3164,99.9878,24546,8982,8982,0.3214,4.1561,3389,0.13805043,0.4496,Arabidopsis
537,2766.7174,23820,0.4091,100,23820,30327,30293,0.3859,57.6227,3177,0.133375315,0.4116,Arabidopsis
538,106.8934,24192,0.3434,99.9793,24187,7678,7761,0.3445,3.8947,3834,0.158482143,0.4086,Arabidopsis
539,40.5035,24210,0.2881,99.8389,24171,3217,3216,0.2882,11.1845,13439,0.555101198,0.3048,Candida
540,196.7255,22991,0.3522,100,22991,15098,15068,0.3525,53.256,11124,0.483841503,0.4103,Arabidopsis
541,124.4334,22974,0.3318,99.8564,22941,9558,9558,0.3563,0.3795,530,0.023069557,0.3644,Arabidopsis
542,106.5434,22466,0.3477,100,22466,7984,7984,0.3489,1.0568,486,0.021632689,0.359,Arabidopsis
543,46.6498,22254,0.3065,99.9236,22237,3382,3386,0.31,11.9013,13166,0.591623978,0.3145,Candida
544,111.1304,23406,0.3801,99.9915,23404,8482,8487,0.3823,0.8969,829,0.035418269,0.4246,Arabidopsis
545,16.6137,21986,0.3237,54.3164,11942,1219,1219,0.3311,3.5249,5082,0.231147094,0.3711,Candida
546,101.5124,21771,0.3343,99.9862,21768,7391,7387,0.3371,1.777,1223,0.056175647,0.4825,Arabidopsis
547,52.315,22270,0.2816,100,22270,3799,3811,0.2939,7.6443,8934,0.40116749,0.2687,Candida
548,18.9823,21030,0.4108,94.9976,19978,1339,1335,0.4103,8.4142,15504,0.737232525,0.4359,Candida
549,91.8607,20977,0.3189,92.201,19341,6435,6434,0.32,5.8714,3810,0.181627497,0.4172,Arabidopsis
550,156.9841,22221,0.3953,99.9505,22210,8028,7928,0.3921,0.0561,66,0.002970163,0.5155,Arabidopsis
551,129.6986,20082,0.3713,99.2033,19922,7427,7427,0.3749,41.6091,8512,0.423862165,0.4137,Arabidopsis
552,200.2282,19847,0.316,100,19847,13243,13256,0.3172,40.2344,4848,0.244268655,0.407,Arabidopsis
553,39.1332,19820,0.2807,99.995,19819,2582,2582,0.2828,13.7651,13996,0.706155399,0.275,Candida
554,242.6526,19505,0.3749,100,19505,8987,8986,0.3783,5.4796,1320,0.067674955,0.3917,Arabidopsis
555,117.9973,19329,0.3711,99.9948,19328,7391,7380,0.3742,0.3104,200,0.010347147,0.4705,Arabidopsis
556,192.972,17280,0.3968,100,17280,11211,11393,0.3991,5.6403,2170,0.125578704,0.4191,Arabidopsis
557,39.2539,18668,0.3043,100,18668,2440,2443,0.3052,12.5694,11563,0.619402186,0.3122,Candida
558,128.9486,18397,0.3989,97.3691,17913,7381,7455,0.3984,6.994,1768,0.096102625,0.4551,Arabidopsis
559,130.7433,18976,0.4127,99.9947,18975,8010,8006,0.4218,0,0,0,0,Arabidopsis
560,130.0758,18233,0.3257,99.4954,18141,7908,7908,0.3348,5.5374,1754,0.096199199,0.4266,Arabidopsis
561,122.5238,18002,0.4138,99.9944,18001,7315,7311,0.4162,0,0,0,0,Arabidopsis
562,48.7298,17907,0.3371,100,17907,2742,2744,0.3486,18.706,11820,0.660077065,0.3679,Candida
563,102.8809,17912,0.3737,99.9665,17906,6135,6135,0.3785,0.9984,343,0.019149174,0.3134,Arabidopsis
564,97.6228,17902,0.3115,99.9944,17901,5833,5823,0.3106,2.1967,876,0.04893308,0.4342,Arabidopsis
565,104.0881,18383,0.3986,95.6046,17575,6403,6408,0.3982,0,0,0,0,Arabidopsis
566,112.815,17380,0.334,98.2681,17079,6522,6544,0.3284,17.8449,5771,0.332048331,0.4165,Arabidopsis
567,43.9064,17274,0.4138,98.8306,17072,2536,2539,0.4106,16.553,11718,0.678360542,0.4401,Candida
568,20.5281,17002,0.2947,99.9882,17000,1164,1166,0.2971,6.4673,11018,0.648041407,0.2946,Candida
569,30.4759,16833,0.3096,89.883,15130,1712,1712,0.3038,10.6513,9159,0.544109784,0.3049,Candida
570,10.6901,16801,0.3226,54.9313,9229,599,601,0.3491,2.2842,4644,0.276412118,0.3953,Candida
571,2940.1068,16659,0.3989,100,16659,27944,27979,0.3814,0.0522,256,0.015367069,0.4617,Arabidopsis
572,119.5802,16506,0.4309,99.9697,16501,5862,5862,0.4449,0,0,0,0,Arabidopsis
573,150.6133,16418,0.4222,100,16418,7812,7807,0.4164,0,0,0,0,Arabidopsis
574,609.9649,16209,0.3998,99.9938,16208,27775,27895,0.3692,0,0,0,0,Arabidopsis
575,87.9107,16276,0.3787,99.9631,16270,4742,4746,0.3831,0.6047,342,0.021012534,0.4049,Arabidopsis
576,76.8858,15926,0.3896,85.9161,13683,4089,4077,0.3775,18.0694,6456,0.405374859,0.4325,Arabidopsis
577,157.2935,15915,0.4216,99.9937,15914,7845,7844,0.422,0.0327,105,0.006597549,0.3913,Arabidopsis
578,154.6746,15884,0.3363,99.9811,15881,5720,5719,0.3375,5.1604,2902,0.182699572,0.4248,Arabidopsis
579,114.9584,15392,0.3775,99.7726,15357,5195,5166,0.3734,0,0,0,0,Arabidopsis
580,16.4726,15186,0.3157,56.078,8516,845,833,0.296,3.8285,3738,0.246147768,0.279,Candida
581,36.4619,15062,0.3148,99.4224,14975,1829,1829,0.3204,12.9923,9559,0.634643474,0.3356,Candida
582,58.6701,14654,0.3414,99.9864,14652,2873,2893,0.3514,22.3673,10770,0.734952914,0.3658,Candida
583,122.999,14631,0.3875,100,14631,5624,5619,0.39,0,0,0,0,Arabidopsis
584,98.9984,14498,0.4245,99.9931,14497,4786,4786,0.4244,0,0,0,0,Arabidopsis
585,111.8528,14366,0.3744,99.9861,14364,5375,5349,0.3778,5.3238,2587,0.180077962,0.4564,Arabidopsis
586,20.0205,14227,0.3484,100,14227,950,950,0.3487,7.7999,10507,0.738525339,0.3623,Candida
587,315.037,13936,0.4299,100,13936,8099,8096,0.4081,0,0,0,0,Arabidopsis
588,134.0201,13907,0.3897,100,13907,6210,6204,0.375,0,0,0,0,Arabidopsis
589,17.5557,13840,0.4137,93.7645,12977,810,810,0.4154,8.9717,10243,0.740101156,0.4317,Candida
590,112.6172,16895,0.3546,99.8402,16868,5887,5854,0.3712,11.1805,2837,0.167919503,0.4314,Arabidopsis
591,39.0938,13503,0.3347,99.9778,13500,1761,1761,0.3325,8.8259,6251,0.462934163,0.341,Candida
592,145.3594,13477,0.2937,99.9852,13475,5245,5245,0.2894,18.1693,3049,0.226237293,0.3944,Arabidopsis
593,131.7895,13366,0.3268,100,13366,5885,5885,0.3462,0,0,0,0,Arabidopsis
594,39.2997,12509,0.2963,100,12509,1617,1630,0.2953,5.599,3597,0.287552962,0.2827,Candida
595,63.4792,13199,0.3682,79.4606,10488,2850,2836,0.3992,0,0,0,0,Arabidopsis
596,104.0827,13188,0.3871,99.9242,13178,4580,4580,0.3903,4.1987,653,0.04951471,0.4458,Arabidopsis
597,98.6485,15133,0.3937,100,15133,4848,4824,0.3931,0.0191,104,0.006872398,0.4567,Arabidopsis
598,39.1954,13034,0.3034,100,13034,1701,1701,0.3056,9.2444,6302,0.48350468,0.308,Candida
599,105.6747,12891,0.333,100,12891,4543,4543,0.3375,10.6545,3298,0.255837406,0.4203,Arabidopsis
600,101.6411,12905,0.3002,99.9148,12894,4373,4375,0.2983,3.8047,1355,0.104998063,0.4356,Arabidopsis
601,39.7097,12897,0.3006,100,12897,1710,1710,0.2992,2.1699,1432,0.111033574,0.2782,Candida
602,156.6417,12974,0.4162,91.2517,11839,6789,6803,0.4333,7.6236,1873,0.144365654,0.4316,Arabidopsis
603,71.5666,12864,0.4135,99.9922,12863,2619,2617,0.4398,0.4664,598,0.046486318,0.3738,Candida
604,215.8785,12834,0.3483,99.9922,12833,7846,7916,0.3634,3.3993,502,0.039114851,0.4012,Arabidopsis
605,502.0329,12771,0.3188,100,12771,17174,17183,0.3327,18.4206,1577,0.123482891,0.3618,Arabidopsis
606,196.7393,12660,0.3299,100,12660,8316,8318,0.3282,34.8403,4196,0.331437599,0.3888,Arabidopsis
607,85.5851,12185,0.3609,87.2959,10637,3478,3478,0.3535,15.2636,2768,0.227164547,0.4104,Arabidopsis
608,199.5149,12160,0.4626,99.9753,12157,8061,8061,0.461,0,0,0,0,Arabidopsis
609,39.835,12142,0.3182,100,12142,1614,1621,0.3185,14.072,8059,0.663729204,0.329,Candida
610,190.6875,11801,0.4174,99.9915,11800,6740,6740,0.4247,0,0,0,0,Arabidopsis
611,123.7591,11743,0.3479,99.7701,11716,4856,4850,0.3656,7.7784,2570,0.218853785,0.4295,Arabidopsis
612,198.2727,11760,0.4033,94.0986,11066,7587,7589,0.404,0,0,0,0,Arabidopsis
613,306.7479,11611,0.3993,99.9742,11608,7174,7191,0.381,0,0,0,0,Arabidopsis
614,96.016,11619,0.3549,99.957,11614,3717,3726,0.3545,0,0,0,0,Arabidopsis
615,126.7121,11640,0.3674,67.2766,7831,4883,4862,0.3818,0,0,0,0,Arabidopsis
616,180.4401,11407,0.4132,99.9825,11405,6846,6962,0.3888,0,0,0,0,Arabidopsis
617,148.5232,11128,0.4802,100,11128,5498,5513,0.4793,0.0049,32,0.002875629,0.5455,Arabidopsis
618,134.6203,10994,0.3752,89.1668,9803,4568,4565,0.3878,0,0,0,0,Arabidopsis
619,100.6761,10965,0.2969,99.7902,10942,3641,3603,0.2925,0,0,0,0,Arabidopsis
620,0.0296,10812,0.302,2.8672,310,1,1,0.3667,0,0,0,0,Candida
621,35.3114,12015,0.2841,100,12015,1399,1399,0.284,9.7167,6318,0.525842697,0.2968,Candida
622,140.9116,12637,0.4046,99.9921,12636,5607,5551,0.4082,0.0815,138,0.010920313,0.3142,Arabidopsis
623,66.1672,10572,0.4668,70.8381,7489,2380,2363,0.4751,0,0,0,0,Arabidopsis
624,193.6758,10273,0.3558,99.9611,10269,6633,6633,0.3595,31.0717,4396,0.427917843,0.4246,Arabidopsis
625,522.8525,10200,0.3402,100,10200,7039,7040,0.3237,0,0,0,0,Arabidopsis
626,112.3113,10044,0.4187,99.9801,10042,3668,3669,0.4154,0,0,0,0,Arabidopsis
627,98.1941,10064,0.3394,100,10064,3283,3269,0.3393,9.6322,3038,0.301868045,0.4238,Arabidopsis
628,3.9955,10039,0.3394,24.873,2497,97,96,0.2685,0.0823,564,0.056180895,0.4313,Arabidopsis
629,1799.9633,9771,0.4251,99.9591,9767,20729,20514,0.3692,0,0,0,0,Arabidopsis
630,128.6721,9778,0.4896,99.6727,9746,4191,4201,0.4945,0,0,0,0,Arabidopsis
631,100.2667,9690,0.3534,100,9690,3235,3236,0.3573,2.0026,520,0.053663571,0.4228,Arabidopsis
632,203.669,9658,0.3136,100,9658,6569,6569,0.313,7.4537,1231,0.127459101,0.3896,Arabidopsis
633,44.6211,9617,0.3024,99.9584,9613,1435,1436,0.3054,1.4555,730,0.075907248,0.3465,Candida
634,83.1354,9510,0.4128,88.1178,8380,2678,2647,0.4071,15.9227,4872,0.512302839,0.4522,Arabidopsis
635,98.5598,9380,0.3818,100,9380,3080,3078,0.3816,19.2625,5939,0.63315565,0.4089,Arabidopsis
636,311.1708,8991,0.3862,100,8991,4220,4205,0.3722,0.6979,472,0.052496941,0.4,Arabidopsis
637,100.0718,8793,0.359,99.9773,8791,2936,2936,0.3621,0,0,0,0,Arabidopsis
638,153.5646,8801,0.3507,100,8801,4474,4445,0.3622,9.0107,1908,0.216793546,0.4022,Arabidopsis
639,249.9138,8747,0.465,100,8747,6291,6299,0.4569,0,0,0,0,Arabidopsis
640,14.0545,8741,0.3414,88.6741,7751,410,410,0.344,6.4925,6127,0.700949548,0.3563,Candida
641,70.778,8611,0.3977,95.7961,8249,2026,2038,0.3915,9.6849,3045,0.353617466,0.4471,Arabidopsis
642,539.0509,11111,0.4152,100,11111,6656,6658,0.4158,0,0,0,0,Arabidopsis
643,128.3605,8551,0.444,68.3663,5846,3661,3692,0.4458,3.5604,1081,0.126417963,0.4411,Arabidopsis
644,1545.3067,10499,0.3147,100,10499,14137,14145,0.3151,0,0,0,0,Arabidopsis
645,139.0049,8022,0.3434,99.9003,8014,3747,3721,0.3369,35.9131,4182,0.52131638,0.3989,Arabidopsis
646,36.4024,7820,0.3377,91.8031,7179,950,950,0.3306,9.5128,3925,0.501918159,0.3499,Candida
647,39.866,7774,0.3318,95.099,7393,1047,1035,0.333,13.0859,5053,0.649987137,0.3442,Candida
648,546.7065,7727,0.4126,100,7727,4409,4410,0.361,0,0,0,0,Arabidopsis
649,94.9726,7667,0.3735,100,7667,2433,2432,0.3753,27.453,3350,0.436937524,0.4036,Arabidopsis
650,149.2233,7652,0.3211,100,7652,3809,3799,0.3405,0,0,0,0,Arabidopsis
651,84.6707,7612,0.3362,88.0977,6706,2150,2150,0.3336,2.459,979,0.128612717,0.3899,Arabidopsis
652,98.375,7499,0.3133,100,7499,2454,2454,0.3114,7.648,1113,0.148419789,0.4529,Arabidopsis
653,61.8162,7481,0.3774,67.8118,5073,1542,1542,0.3666,14.0044,3386,0.452613287,0.4075,Arabidopsis
654,124.9163,7471,0.41,100,7471,3118,3128,0.4126,0,0,0,0,Arabidopsis
655,81.8819,7420,0.351,86.9946,6455,2002,1984,0.3261,4.8854,981,0.132210243,0.399,Arabidopsis
656,20.0987,7377,0.3843,96.7873,7140,497,495,0.3786,6.7769,4700,0.637115359,0.3967,Candida
657,145.6874,7361,0.3992,100,7361,3235,3235,0.3888,0.3819,422,0.057329167,0.389,Arabidopsis
658,71.6634,7300,0.3407,49.7808,3634,1744,1744,0.2727,13.5553,1488,0.203835616,0.3793,Arabidopsis
659,173.8546,7268,0.4487,99.9587,7265,4245,4245,0.4597,0,0,0,0,Arabidopsis
660,66.0126,7235,0.399,99.9585,7232,1300,1262,0.3989,1.8257,1124,0.155355909,0.4612,Candida
661,198.7471,7245,0.4433,100,7245,4878,4828,0.4431,2.7259,711,0.098136646,0.4499,Arabidopsis
662,98.477,7230,0.3993,100,7230,2371,2371,0.4107,0,0,0,0,Arabidopsis
663,43.7456,7816,0.446,85.4657,6680,1130,1111,0.4472,16.2765,3165,0.404938588,0.4944,Candida
664,107.4501,7068,0.4174,98.8964,6990,2474,2474,0.4155,3.6337,568,0.080362196,0.4256,Arabidopsis
665,157.8115,6861,0.3317,86.0807,5906,3385,3370,0.334,3.1577,791,0.115289316,0.3907,Arabidopsis
666,27.7786,6775,0.4506,16.3395,1107,588,630,0.5188,3.8428,835,0.123247232,0.5019,Arabidopsis
667,92.9868,6659,0.3715,99.9549,6656,2070,2066,0.369,7.5546,1589,0.238624418,0.442,Arabidopsis
668,91.2433,6556,0.3383,99.8017,6543,1996,1996,0.336,5.0506,778,0.118669921,0.4478,Arabidopsis
669,55.1778,6524,0.3405,44.0221,2872,1191,1191,0.2762,0.3155,824,0.126302882,0.4514,Arabidopsis
670,98.6226,6499,0.3633,100,6499,2141,2152,0.3628,41.2831,3666,0.564086783,0.4353,Arabidopsis
671,19.7191,6498,0.3592,99.9692,6496,429,429,0.356,0,0,0,0,Candida
672,165.3517,6497,0.4349,80.6218,5238,3598,3501,0.4358,18.2136,2660,0.409419732,0.4727,Arabidopsis
673,72.991,6211,0.4268,99.8873,6204,252,255,0.3063,0,0,0,0,Arabidopsis
674,111.1918,6230,0.4218,99.9839,6229,2275,2243,0.4136,0,0,0,0,Arabidopsis
675,39.2992,6186,0.304,100,6186,813,813,0.3099,9.9098,3495,0.564985451,0.3032,Candida
676,208.9524,6066,0.3915,100,6066,2393,2428,0.3891,19.6942,525,0.086547972,0.405,Arabidopsis
677,103.4531,5959,0.3593,100,5959,2062,2063,0.3603,28.218,2672,0.448397382,0.4286,Arabidopsis
678,191.06,5870,0.4314,100,5870,3751,3750,0.4302,4.599,988,0.168313458,0.418,Arabidopsis
679,0.1031,5895,0.3595,5.5471,327,2,2,0.3967,0.1818,407,0.069041561,0.4329,Arabidopsis
680,95.2414,8123,0.3492,100,8123,2294,2315,0.3271,17.1547,3104,0.382124831,0.4026,Arabidopsis
681,201.3957,5855,0.4604,100,5855,3910,3912,0.4619,0,0,0,0,Arabidopsis
682,22.0512,5799,0.3273,68.7877,3989,429,429,0.3323,6.0747,1241,0.214002414,0.3896,Candida
683,193.5089,5740,0.4303,100,5740,3733,3708,0.4307,7.3143,1585,0.276132404,0.3873,Arabidopsis
684,2772.7255,5745,0.3591,99.8782,5738,21583,21539,0.3533,0,0,0,0,Arabidopsis
685,197.3234,5656,0.4295,100,5656,3718,3744,0.4301,0,0,0,0,Arabidopsis
686,95.3807,5503,0.3547,99.9818,5502,1750,1750,0.355,0,0,0,0,Arabidopsis
687,20.9779,5421,0.3127,100,5421,380,381,0.3174,7.4304,4110,0.758162701,0.3213,Candida
688,198.272,5398,0.4491,100,5398,3576,3583,0.448,5.4963,903,0.167284179,0.469,Arabidopsis
689,39.9483,5182,0.348,100,5182,692,700,0.3477,5.4006,1428,0.275569278,0.381,Candida
690,97.2633,5333,0.4721,52.1095,2779,1717,1748,0.4704,5.0788,941,0.176448528,0.4621,Arabidopsis
691,196.226,5323,0.4356,100,5323,3500,3485,0.4363,5.9857,1028,0.193124178,0.4286,Arabidopsis
692,318.7574,5305,0.3824,72.1772,3829,5642,5642,0.378,47.7746,1906,0.359283695,0.4689,Arabidopsis
693,414.6773,5243,0.2783,97.5586,5115,6580,6570,0.2701,0,0,0,0,Arabidopsis
694,149.533,5250,0.3876,100,5250,2635,2637,0.398,44.8491,3452,0.65752381,0.4358,Arabidopsis
695,187.838,5149,0.4205,100,5149,3230,3225,0.424,0,0,0,0,Arabidopsis
696,56.4232,5114,0.378,84.8651,4340,962,962,0.3797,14.0743,2030,0.39694955,0.4831,Arabidopsis
697,99.0382,5076,0.3487,100,5076,1661,1671,0.3447,0,0,0,0,Arabidopsis
698,20.0206,4962,0.534,100,4962,335,333,0.534,9.047,3059,0.616485288,0.545,Candida
699,0.4823,4958,0.3477,33.4409,1658,8,8,0.3567,0,0,0,0,Arabidopsis
700,19.1016,4951,0.2791,74.4496,3686,318,315,0.2856,7.4593,2335,0.471621895,0.3037,Candida
701,67.214,4968,0.4321,72.4235,3598,1115,1115,0.4251,0,0,0,0,Arabidopsis
702,66.1623,7022,0.3258,100,7022,1215,1216,0.3169,1.9929,1421,0.202363999,0.3109,Candida
703,193.3449,4917,0.3663,100,4917,3182,3180,0.3717,31.3703,2454,0.499084808,0.4424,Arabidopsis
704,40.1618,4890,0.3027,100,4890,658,653,0.3032,15.944,4000,0.81799591,0.3056,Candida
705,19.4331,4819,0.3256,99.0869,4775,313,313,0.3248,0,0,0,0,Candida
706,97.4529,4780,0.359,99.9372,4777,1553,1553,0.3557,10.9592,2235,0.467573222,0.423,Arabidopsis
707,194.5605,4758,0.4415,100,4758,3095,3104,0.4404,7.5662,1234,0.259352669,0.4435,Arabidopsis
708,121.2616,4736,0.4417,86.7399,4108,1917,1917,0.4507,0,0,0,0,Arabidopsis
709,94.2818,4687,0.4515,100,4687,1474,1478,0.4558,0,0,0,0,Arabidopsis
710,2.2567,4687,0.451,12.14,569,39,39,0.369,0,0,0,0,Arabidopsis
711,190.8926,4664,0.434,100,4664,2974,2979,0.4335,0,0,0,0,Arabidopsis
712,97.0762,4648,0.384,73.5155,3417,1358,1358,0.3818,0,0,0,0,Arabidopsis
713,215.9789,4599,0.4148,99.9348,4596,3108,3077,0.4062,36.8374,2447,0.53207219,0.4192,Arabidopsis
714,260.905,4591,0.3577,99.9129,4587,3993,3993,0.3591,66.0586,2934,0.639076454,0.4007,Arabidopsis
715,20.5821,4590,0.3941,100,4590,134,132,0.3876,4.0732,239,0.052069717,0.4788,Arabidopsis
716,60.3327,4568,0.4462,100,4568,900,900,0.4487,0,0,0,0,Arabidopsis
717,801.5307,4466,0.3663,99.9776,4465,8497,8500,0.3634,0,0,0,0,Arabidopsis
718,318.364,4530,0.4208,99.9779,4529,4827,4896,0.4214,5.4174,761,0.16799117,0.3759,Arabidopsis
719,20.4074,4497,0.3222,100,4497,308,307,0.3205,5.9197,2703,0.601067378,0.3427,Candida
720,192.4221,4485,0.3418,99.9777,4484,2839,2889,0.3416,0,0,0,0,Arabidopsis
721,96.1871,4419,0.4266,100,4419,1418,1429,0.4275,0.4073,143,0.032360263,0.3256,Arabidopsis
722,20.1125,4409,0.3822,100,4409,295,298,0.3836,10.5917,4246,0.963030166,0.3852,Candida
723,189.2089,4384,0.487,100,4384,2767,2770,0.4879,0,0,0,0,Arabidopsis
724,96.9613,4341,0.3349,99.8618,4335,1405,1405,0.3292,0,0,0,0,Arabidopsis
725,65.5316,4278,0.3979,74.7546,3198,945,937,0.4019,0,0,0,0,Arabidopsis
726,91.8438,4341,0.3513,96.3833,4184,1339,1325,0.3456,13.616,1642,0.378253859,0.4553,Arabidopsis
727,0,4331,0.3544,0,0,0,0,0,0,0,0,0,Arabidopsis
728,18.9482,4191,0.3553,100,4191,271,266,0.3582,1.6702,615,0.146743021,0.3917,Candida
729,227.3582,4193,0.4117,99.9762,4192,3203,3200,0.4166,0,0,0,0,Arabidopsis
730,131.9871,4180,0.439,73.5646,3075,1878,1885,0.441,1.2653,115,0.027511962,0.4946,Arabidopsis
731,281.8238,4182,0.3988,100,4182,3951,4047,0.4036,26.4892,1550,0.370636059,0.4589,Arabidopsis
732,159.5759,4369,0.3155,99.9771,4368,2284,2284,0.3213,0,0,0,0,Arabidopsis
733,108.6383,4153,0.3595,100,4153,1510,1495,0.3513,0,0,0,0,Arabidopsis
734,60.4665,4077,0.3095,54.3046,2214,855,859,0.3576,10.2387,577,0.141525632,0.4333,Arabidopsis
735,28.9334,3995,0.3209,71.3392,2850,391,386,0.3315,11.8335,1996,0.499624531,0.3421,Candida
736,527.5386,3992,0.3487,100,3992,3093,3089,0.3501,0,0,0,0,Arabidopsis
737,138.2053,4063,0.3723,100,4063,1829,1829,0.3862,0,0,0,0,Arabidopsis
738,188.7797,3972,0.4317,98.9678,3931,2489,2522,0.4325,0,0,0,0,Arabidopsis
739,187.2385,3967,0.4512,99.874,3962,2477,2476,0.445,0,0,0,0,Arabidopsis
740,280.8603,3893,0.3845,100,3893,3667,3623,0.3804,56.1467,1454,0.373490881,0.4126,Arabidopsis
741,142.1198,3908,0.3474,83.2907,3255,1919,1885,0.3473,18.5182,891,0.227993859,0.4238,Arabidopsis
742,20.0345,3889,0.2556,100,3889,260,260,0.2573,7.1947,2836,0.729236308,0.2408,Candida
743,447.0469,3816,0.3672,100,3816,4078,4078,0.3606,0,0,0,0,Arabidopsis
744,664.296,3851,0.3451,100,3851,4750,4751,0.3554,0.1677,182,0.047260452,0.405,Arabidopsis
745,420.7845,3795,0.4055,100,3795,4894,4892,0.3843,16.8877,620,0.163372859,0.4014,Arabidopsis
746,121.6726,3827,0.3682,97.0473,3714,1557,1551,0.3687,0,0,0,0,Arabidopsis
747,37.6448,3747,0.2883,100,3747,469,469,0.2848,12.8634,2789,0.744328796,0.2998,Candida
748,283.9669,3691,0.3416,100,3691,2141,2142,0.3654,0,0,0,0,Arabidopsis
749,538.6649,3674,0.3984,79.5591,2923,6569,6558,0.3881,0,0,0,0,Arabidopsis
750,173.4322,3693,0.5263,74.6277,2756,2117,2158,0.5179,1.055,327,0.088545898,0.4912,Arabidopsis
751,204.1271,3634,0.4787,100,3634,2535,2502,0.4739,17.7323,2115,0.582003302,0.4871,Arabidopsis
752,128.3699,3433,0.4266,100,3433,1386,1386,0.422,4.0915,811,0.236236528,0.5296,Arabidopsis
753,191.7615,3421,0.4797,99.9708,3420,2187,2187,0.4877,0,0,0,0,Arabidopsis
754,51.7833,3405,0.3574,40.4405,1377,557,557,0.3267,0,0,0,0,Arabidopsis
755,116.6543,3286,0.466,79.7018,2619,1271,1273,0.4734,0.0919,189,0.057516738,0.525,Arabidopsis
756,17.9231,3393,0.3578,87.8574,2981,205,204,0.3649,6.4831,2210,0.651340996,0.3557,Candida
757,19.8686,3365,0.3094,99.9703,3364,223,223,0.3073,6.8336,2301,0.683803863,0.2983,Candida
758,28.5141,3336,0.3129,99.4604,3318,267,267,0.319,2.6957,966,0.289568345,0.3579,Candida
759,125.7024,3290,0.3997,99.8784,3286,1388,1388,0.3975,0,0,0,0,Arabidopsis
760,101.4082,3312,0.3832,100,3312,1163,1109,0.3832,0,0,0,0,Arabidopsis
761,342.9367,3287,0.3799,91.1469,2996,3777,3777,0.4207,0,0,0,0,Arabidopsis
762,123.2571,3209,0.4774,62.0754,1992,1362,1362,0.4865,0,0,0,0,Arabidopsis
763,1080.1456,3229,0.3844,100,3229,6123,6127,0.373,0,0,0,0,Arabidopsis
764,193.3977,3221,0.4536,100,3221,2074,2099,0.4559,0,0,0,0,Arabidopsis
765,91.5897,3193,0.3245,99.8434,3188,975,975,0.316,7.1193,822,0.257438146,0.4364,Arabidopsis
766,0,3167,0.3243,0,0,0,0,0,0,0,0,0,Arabidopsis
767,126.8735,3163,0.3997,94.3408,2984,1339,1339,0.3945,0,0,0,0,Arabidopsis
768,77.3576,3152,0.3826,98.0964,3092,813,813,0.3836,0,0,0,0,Arabidopsis
769,20.5996,3127,0.4851,100,3127,215,215,0.4827,2.6223,916,0.292932523,0.502,Candida
770,944.0353,3063,0.314,100,3063,9382,9378,0.3101,0,0,0,0,Arabidopsis
771,19.8902,3005,0.4802,100,3005,199,200,0.4783,3.5884,1147,0.381697171,0.4753,Candida
772,64.6742,2990,0.3926,82.4415,2465,651,642,0.3739,10.8448,1355,0.453177258,0.4432,Arabidopsis
773,98.4598,2899,0.3811,100,2899,957,956,0.3815,17.3539,1464,0.505001725,0.3859,Arabidopsis
774,20.3521,2942,0.449,100,2942,200,200,0.4456,5.0918,1156,0.39292998,0.453,Candida
775,140.6875,2938,0.3542,84.275,2476,1412,1381,0.315,4.9912,463,0.157590197,0.4821,Arabidopsis
776,55.8693,2922,0.3506,82.9227,2423,576,560,0.3518,25.8628,2186,0.748117728,0.3564,Candida
777,0.5093,1178,0.2733,33.9559,400,2,2,0.31,0,0,0,0,Arabidopsis
778,677.7129,2804,0.3382,100,2804,6358,6316,0.3373,0,0,0,0,Arabidopsis
779,94.9976,2886,0.3863,100,2886,908,924,0.387,5.2453,391,0.135481635,0.3644,Arabidopsis
780,19.7438,2884,0.5042,100,2884,190,190,0.5003,5.8769,1447,0.501733703,0.5124,Candida
781,99.8515,2882,0.3886,100,2882,961,968,0.3887,0,0,0,0,Arabidopsis
782,100.7779,4579,0.3343,79.4278,3637,1586,1538,0.3508,0,0,0,0,Arabidopsis
783,0,2849,0.3886,0,0,0,0,0,0,0,0,0,Arabidopsis
784,87.0054,2795,0.3814,99.7138,2787,810,810,0.3819,0,0,0,0,Arabidopsis
785,204.3481,2755,0.4177,79.4918,2190,1876,1890,0.4388,0,0,0,0,Arabidopsis
786,202.877,2739,0.393,100,2739,1854,1854,0.3924,0,0,0,0,Arabidopsis
787,427.1735,2709,0.3068,99.9262,2707,2409,2404,0.308,0,0,0,0,Arabidopsis
788,0.3286,2730,0.3795,27.9121,762,3,3,0.3989,0,0,0,0,Arabidopsis
789,181.7987,2703,0.4134,100,2703,1637,1658,0.4126,0,0,0,0,Arabidopsis
790,0,2654,0.3814,0,0,0,0,0,0.7524,262,0.098718915,0.3767,Arabidopsis
791,193.1314,2649,0.4919,100,2649,1717,1719,0.4909,13.168,744,0.280860702,0.4952,Arabidopsis
792,1113.4367,2624,0.3738,100,2624,7652,7587,0.3912,0,0,0,0,Arabidopsis
793,85.8718,2614,0.365,98.7376,2581,749,749,0.3698,10.697,907,0.346977812,0.4201,Arabidopsis
794,180.8793,2461,0.3889,99.7968,2456,1496,1485,0.3964,7.4592,303,0.123120683,0.506,Arabidopsis
795,287.5887,2385,0.4163,92.7883,2213,2279,2279,0.4187,0,0,0,0,Arabidopsis
796,21.679,2374,0.3328,100,2374,173,172,0.3311,9.4478,1761,0.741786015,0.3361,Candida
797,18.4854,2367,0.3278,100,2367,145,145,0.3196,1.7681,665,0.280946346,0.3479,Candida
798,86.4438,2357,0.2978,100,2357,690,685,0.3149,3.9962,360,0.152736529,0.5064,Arabidopsis
799,63.983,2354,0.3675,99.915,2352,500,505,0.3691,0,0,0,0,Arabidopsis
800,18.6665,2279,0.2707,100,2279,142,142,0.2758,3.9491,917,0.40236946,0.2502,Candida
801,182.7456,2213,0.39,100,2213,1359,1359,0.3924,0,0,0,0,Arabidopsis
802,904.2701,2255,0.3532,100,2255,5769,5593,0.3464,0,0,0,0,Arabidopsis
803,194.2329,2246,0.4183,100,2246,1463,1472,0.4169,0,0,0,0,Arabidopsis
804,181.4149,2210,0.4316,100,2210,1341,1340,0.4375,0,0,0,0,Arabidopsis
805,267.5817,2221,0.2618,100,2221,2016,2009,0.2683,0,0,0,0,Arabidopsis
806,223.7784,2207,0.4767,100,2207,1669,1705,0.4635,16.058,1269,0.574988672,0.5096,Arabidopsis
807,4.0142,2187,0.2905,47.9195,1048,29,29,0.3172,1.8358,1062,0.485596708,0.3725,Candida
808,169.5855,2188,0.3538,100,2188,1239,1271,0.3626,19.5032,1326,0.606032907,0.3225,Arabidopsis
809,19.1422,2166,0.4326,100,2166,142,140,0.4287,8.3093,1866,0.861495845,0.4372,Candida
810,184.9524,2163,0.4041,100,2163,1337,1337,0.4031,0,0,0,0,Arabidopsis
811,188.6684,2114,0.3581,100,2114,1348,1338,0.3598,29.9167,802,0.379375591,0.4331,Arabidopsis
812,219.7945,2107,0.4101,100,2107,1549,1548,0.3993,0,0,0,0,Arabidopsis
813,185.6371,2100,0.4409,100,2100,1291,1318,0.4391,27.4481,1734,0.825714286,0.4598,Arabidopsis
814,265.0177,2096,0.4778,100,2096,1859,1871,0.4735,0,0,0,0,Arabidopsis
815,200.6679,2090,0.488,100,2090,1445,1461,0.4902,0,0,0,0,Arabidopsis
816,20.1392,2083,0.4926,100,2083,140,140,0.4949,1.4042,240,0.115218435,0.5267,Candida
817,1935.6499,1994,0.3972,100,1994,7475,7521,0.3968,0,0,0,0,Arabidopsis
818,195.1049,2078,0.4273,100,2078,1371,1363,0.4268,10.1015,742,0.35707411,0.4173,Arabidopsis
819,185.8287,2078,0.4042,100,2078,1306,1298,0.404,0,0,0,0,Arabidopsis
820,183.3726,2045,0.5046,100,2045,1250,1266,0.5037,0,0,0,0,Arabidopsis
821,190.8854,2016,0.432,100,2016,1298,1294,0.4322,0,0,0,0,Arabidopsis
822,184.8717,2003,0.3272,100,2003,1228,1251,0.3349,9.358,561,0.28007988,0.3495,Arabidopsis
823,95.0385,1998,0.3724,100,1998,638,641,0.3726,15.2412,835,0.417917918,0.4423,Arabidopsis
824,0,1962,0.3695,0,0,0,0,0,0,0,0,0,Arabidopsis
825,131.8314,1951,0.3998,95.8995,1871,858,858,0.4024,0,0,0,0,Arabidopsis
826,146.0888,1949,0.3188,100,1949,947,961,0.299,0,0,0,0,Arabidopsis
827,772.0126,1902,0.2798,100,1902,4220,4196,0.3139,0,0,0,0,Arabidopsis
828,184.5774,1900,0.393,100,1900,1195,1161,0.391,167.8316,1327,0.698421053,0.4299,Arabidopsis
829,196.0784,1888,0.4388,100,1888,1252,1246,0.4391,1.2712,139,0.073622881,0.4425,Arabidopsis
830,193.9883,1877,0.4821,100,1877,1229,1222,0.4847,9.5807,636,0.338838572,0.4372,Arabidopsis
831,19.2551,1866,0.5086,100,1866,120,120,0.5098,0,0,0,0,No BLAST hit
832,141.365,1811,0.365,100,1811,887,889,0.3482,0,0,0,0,Arabidopsis
833,582.0982,1853,0.3845,100,1853,3503,3447,0.4013,0,0,0,0,Arabidopsis
834,194.4586,1849,0.4499,100,1849,1216,1209,0.4511,10.3883,539,0.291508924,0.5636,Arabidopsis
835,172.7899,1828,0.3924,100,1828,1041,1080,0.3974,22.2861,1358,0.742888403,0.4052,Arabidopsis
836,193.9934,1823,0.4517,100,1823,1184,1176,0.4524,0,0,0,0,Arabidopsis
837,19.8196,1813,0.3287,100,1813,120,120,0.3277,7.1125,1282,0.707115279,0.3415,Candida
838,182.6966,1780,0.4407,100,1780,1101,1092,0.4372,0,0,0,0,Arabidopsis
839,191.8684,1786,0.452,100,1786,1152,1154,0.452,17.7755,1047,0.586226204,0.4451,Arabidopsis
840,336.4524,1764,0.4082,99.8299,1761,2056,2073,0.4051,0,0,0,0,Arabidopsis
841,175.9636,1760,0.4386,100,1760,1046,1043,0.4396,3.054,250,0.142045455,0.5381,Arabidopsis
842,187.0846,1750,0.3001,100,1750,1113,1088,0.2917,10.612,437,0.249714286,0.4687,Arabidopsis
843,1065.8831,1677,0.3808,100,1677,4389,4368,0.3927,0,0,0,0,Arabidopsis
844,177.75,1736,0.4562,100,1736,1035,1044,0.4557,0,0,0,0,Arabidopsis
845,127.9274,1735,0.4484,99.7695,1731,748,748,0.4612,0,0,0,0,Arabidopsis
846,20.7151,1734,0.2393,100,1734,120,120,0.2429,8.605,1471,0.848327566,0.2306,Candida
847,1809.5708,1645,0.3504,100,1645,8421,8450,0.353,0,0,0,0,Arabidopsis
848,142.2848,1710,0.4251,99.7661,1706,828,827,0.4319,10.1889,391,0.228654971,0.4623,Arabidopsis
849,42.3606,1714,0.4209,98.2497,1684,243,243,0.4222,1.7491,324,0.189031505,0.3987,Candida
850,200.25,1708,0.4141,100,1708,1152,1152,0.4175,5.1189,280,0.163934426,0.4519,Arabidopsis
851,134.6472,1698,0.3754,100,1698,677,677,0.3601,0,0,0,0,Arabidopsis
852,426.6714,1698,0.3769,99.9411,1697,2384,2483,0.3687,0,0,0,0,Arabidopsis
853,416.484,1661,0.3841,100,1661,2294,2300,0.4044,0,0,0,0,Arabidopsis
854,176.4706,1685,0.381,99.8813,1683,998,991,0.3815,0,0,0,0,Arabidopsis
855,658.7536,1591,0.373,100,1591,2212,2212,0.3405,0,0,0,0,Arabidopsis
856,5.0078,1677,0.322,25.3429,425,28,28,0.282,0,0,0,0,Arabidopsis
857,280.3319,1645,0.4337,100,1645,1557,1553,0.4337,1.648,189,0.114893617,0.4863,Arabidopsis
858,190.897,1640,0.4853,100,1640,1052,1059,0.4889,0,0,0,0,Arabidopsis
859,184.424,1639,0.5082,100,1639,997,1032,0.5055,0,0,0,0,Arabidopsis
860,178.7857,1638,0.4438,99.8168,1635,978,978,0.4413,0,0,0,0,Arabidopsis
861,88.7268,1636,0.3202,99.6944,1631,486,483,0.3029,0,0,0,0,Arabidopsis
862,184.8911,1635,0.4253,100,1635,1008,1007,0.4281,0,0,0,0,Arabidopsis
863,180.7632,1630,0.4592,100,1630,975,1008,0.4623,0,0,0,0,Arabidopsis
864,199.885,1626,0.4453,100,1626,1137,1135,0.4397,0,0,0,0,Arabidopsis
865,94.5207,1615,0.2842,100,1615,525,514,0.2814,0,0,0,0,Arabidopsis
866,185.9171,1616,0.4845,100,1616,1024,996,0.4871,0,0,0,0,Arabidopsis
867,198.1535,1557,0.4168,99.8715,1555,1034,1032,0.4209,104.0816,1557,1,0.4181,Arabidopsis
868,355.628,1605,0.3556,100,1605,1896,1947,0.356,4.0847,154,0.095950156,0.442,Arabidopsis
869,188.9483,1604,0.4047,100,1604,1038,1007,0.3939,0,0,0,0,Arabidopsis
870,113.8011,1604,0.3529,96.3217,1545,610,610,0.3446,0,0,0,0,Arabidopsis
871,152.7288,1604,0.4043,99.8753,1602,816,816,0.4292,0,0,0,0,Arabidopsis
872,192.0019,1602,0.4332,100,1602,1040,1034,0.4386,38.8408,1506,0.940074906,0.4314,Arabidopsis
873,157.9615,1585,0.4297,100,1585,835,835,0.4278,30.4454,643,0.405678233,0.4387,Arabidopsis
874,23.5384,1577,0.2498,100,1577,122,131,0.2433,8.624,1481,0.939124921,0.2528,Candida
875,168.4835,1578,0.5704,100,1578,876,910,0.5764,1.9011,102,0.064638783,0.6647,Arabidopsis
876,152.6743,1569,0.4286,86.8069,1362,788,820,0.4385,1.3384,188,0.119821542,0.4457,Arabidopsis
877,180.6971,1568,0.4305,100,1568,961,947,0.4278,0,0,0,0,Arabidopsis
878,196.5083,1566,0.4473,100,1566,1038,1040,0.4469,0,0,0,0,Arabidopsis
879,134.5256,1562,0.4006,93.0218,1453,730,724,0.4096,0,0,0,0,Arabidopsis
880,155.4958,1551,0.2915,99.8066,1548,791,828,0.284,0,0,0,0,Arabidopsis
881,189.4233,1538,0.461,100,1538,998,967,0.4636,0,0,0,0,Arabidopsis
882,16.9523,1532,0.3172,99.2167,1520,87,87,0.3258,5.8629,1062,0.693211488,0.3254,Candida
883,325.93,1528,0.3842,100,1528,1533,1530,0.3464,0,0,0,0,Arabidopsis
884,161.3423,1525,0.3786,100,1525,823,824,0.3769,0,0,0,0,Arabidopsis
885,160.7471,1526,0.3711,100,1526,845,841,0.3709,50.7398,955,0.625819135,0.4222,Arabidopsis
886,1860.7577,1465,0.3219,100,1465,6869,6852,0.3174,0,0,0,0,Arabidopsis
887,44.0779,1464,0.3151,99.9317,1463,215,215,0.3236,0,0,0,0,Candida
888,235.8223,1429,0.3177,100,1429,955,951,0.3172,0,0,0,0,Arabidopsis
889,799.5442,1459,0.3468,100,1459,3858,3836,0.3498,0,0,0,0,Arabidopsis
890,187.5538,1506,0.4654,100,1506,941,943,0.4675,0,0,0,0,Arabidopsis
891,1719.6116,1398,0.3794,100,1398,6627,6575,0.3895,0,0,0,0,Arabidopsis
892,201.2635,1503,0.4514,100,1503,1028,1017,0.4491,26.6773,649,0.431803061,0.4802,Arabidopsis
893,156.506,1504,0.4443,99.734,1500,785,785,0.4539,0,0,0,0,Arabidopsis
894,291.7577,1502,0.2114,100,1502,1482,1474,0.2191,0,0,0,0,Arabidopsis
895,49.3173,1494,0.3876,96.6533,1444,246,246,0.3894,12.253,915,0.612449799,0.4564,Arabidopsis
896,20.0759,1488,0.5114,100,1488,100,100,0.5154,1.3401,257,0.172715054,0.4668,Candida
897,180.1264,1487,0.4408,100,1487,898,912,0.4394,0,0,0,0,Arabidopsis
898,252.7178,1442,0.4193,100,1442,1219,1247,0.4209,0,0,0,0,Arabidopsis
899,18.1837,1481,0.3531,99.3248,1471,90,90,0.3442,0,0,0,0,No BLAST hit
900,1289.4432,1469,0.3545,100,1469,6271,6479,0.3516,1.7046,352,0.239618788,0.5077,Arabidopsis
901,185.6509,1458,0.4595,100,1458,911,916,0.4549,47.1639,644,0.44170096,0.4985,Arabidopsis
902,192.9519,1456,0.4336,100,1456,948,952,0.4363,0,0,0,0,Arabidopsis
903,177.9835,1456,0.407,100,1456,859,877,0.4094,0.0247,36,0.024725275,0.45,Arabidopsis
904,211.8541,1446,0.404,99.8617,1444,1043,1043,0.3428,0,0,0,0,Arabidopsis
905,183.8551,1442,0.4327,100,1442,909,884,0.4362,0,0,0,0,Arabidopsis
906,86.0548,1441,0.2935,99.7918,1438,421,410,0.3111,0,0,0,0,Arabidopsis
907,2.5038,1437,0.286,22.8253,328,12,12,0.2881,0,0,0,0,Arabidopsis
908,17.7833,1412,0.4164,100,1412,84,84,0.4089,0,0,0,0,Candida
909,185.7488,1429,0.4351,100,1429,895,903,0.4314,0,0,0,0,Arabidopsis
910,347.206,1403,0.4418,100,1403,1628,1628,0.4831,0,0,0,0,Arabidopsis
911,346.9318,1334,0.3566,100,1334,1513,1516,0.3575,0,0,0,0,Arabidopsis
912,145.8592,1399,0.4612,99.2137,1388,681,681,0.4427,0,0,0,0,Arabidopsis
913,19.1207,1409,0.4656,100,1409,90,90,0.4645,0,0,0,0,No BLAST hit
914,204.572,1409,0.423,100,1409,997,1003,0.4227,6.2441,498,0.353442158,0.3708,Arabidopsis
915,503.7191,1406,0.3983,99.431,1398,2391,2357,0.4131,0,0,0,0,Arabidopsis
916,256.9351,1402,0.4237,99.4294,1394,1215,1215,0.4098,0,0,0,0,Arabidopsis
917,180.2632,1402,0.4314,100,1402,834,869,0.4349,0,0,0,0,Arabidopsis
918,226.8086,1400,0.4664,100,1400,1095,1077,0.4663,1.5386,166,0.118571429,0.49,Arabidopsis
919,190.453,1395,0.4788,100,1395,902,902,0.4842,21.5348,960,0.688172043,0.4712,Arabidopsis
920,176.1175,1387,0.4398,100,1387,822,850,0.4424,5.7015,262,0.1888969,0.4629,Arabidopsis
921,178.2004,1387,0.4433,100,1387,844,820,0.4438,0,0,0,0,Arabidopsis
922,157.0173,1385,0.3841,99.9278,1384,725,725,0.384,10.122,683,0.493140794,0.4084,Arabidopsis
923,582.7788,1329,0.3213,100,1329,2221,2235,0.3212,0,0,0,0,Arabidopsis
924,92.807,1337,0.4435,99.8504,1335,414,414,0.4517,0,0,0,0,Arabidopsis
925,183.9506,1377,0.4415,100,1377,855,860,0.4447,0,0,0,0,Arabidopsis
926,365.5135,1373,0.3423,100,1373,1699,1698,0.3408,41.4304,537,0.391114348,0.4311,Arabidopsis
927,183.0833,1369,0.4426,100,1369,840,847,0.4373,0,0,0,0,Arabidopsis
928,100.7616,1334,0.4831,100,1334,457,457,0.4834,0,0,0,0,Arabidopsis
929,213.5725,1366,0.3553,100,1366,911,912,0.359,0,0,0,0,Arabidopsis
930,0,1365,0.5245,0,0,0,0,0,0,0,0,0,Arabidopsis
931,389.7302,1364,0.4151,100,1364,1789,1782,0.4069,0,0,0,0,Arabidopsis
932,196.3924,1361,0.4607,99.9265,1360,887,887,0.4633,0,0,0,0,Arabidopsis
933,191.8687,1356,0.4528,100,1356,884,887,0.4551,24.0125,521,0.384218289,0.4908,Arabidopsis
934,19.8343,1358,0.5361,100,1358,90,90,0.5337,0,0,0,0,No BLAST hit
935,168.4382,1351,0.3782,100,1351,755,774,0.379,16.6677,786,0.581791266,0.3999,Arabidopsis
936,193.6434,1349,0.4426,100,1349,882,908,0.4468,0.7413,138,0.102297999,0.399,Arabidopsis
937,158.4985,1336,0.3997,99.1766,1325,706,706,0.4123,0,0,0,0,Arabidopsis
938,345.9175,1334,0.3598,100,1334,1565,1538,0.3572,0.2084,200,0.149925037,0.425,Arabidopsis
939,20.4248,1330,0.2286,100,1330,91,91,0.2229,9.4248,1224,0.920300752,0.2203,Candida
940,177.2588,1329,0.3814,99.6238,1324,790,790,0.3918,0,0,0,0,Arabidopsis
941,236.3637,1328,0.4842,100,1328,1020,990,0.4698,0,0,0,0,Arabidopsis
942,130.6375,1327,0.4864,100,1327,576,576,0.4707,0,0,0,0,Arabidopsis
943,26.6735,1323,0.3137,99.2441,1313,120,120,0.2784,2.2676,245,0.185185185,0.3947,Candida
944,174.6859,1318,0.4543,100,1318,766,790,0.4525,68.1161,1318,1,0.4532,Arabidopsis
945,142.0613,1257,0.3294,100,1257,561,568,0.3198,0,0,0,0,Arabidopsis
946,267.1691,1301,0.2525,99.7694,1298,1165,1164,0.2542,0.3075,251,0.192928517,0.3675,Arabidopsis
947,184.8912,1314,0.4288,100,1314,825,819,0.4293,2.1309,142,0.108066971,0.47,Arabidopsis
948,20.5791,1309,0.4668,100,1309,90,90,0.4661,0,0,0,0,No BLAST hit
949,138.049,1307,0.2969,100,1307,598,598,0.2946,0,0,0,0,Arabidopsis
950,156.173,1306,0.3606,99.9234,1305,680,680,0.3682,0,0,0,0,Arabidopsis
951,590.4051,1264,0.3687,100,1264,2403,2338,0.3916,0,0,0,0,Arabidopsis
952,20.8269,1300,0.3808,100,1300,90,91,0.3815,7.6923,1038,0.798461538,0.3848,Candida
953,11.1042,1296,0.3302,30.787,399,48,48,0.3731,0,0,0,0,Arabidopsis
954,85.7593,1296,0.4159,100,1296,371,376,0.4194,0,0,0,0,Arabidopsis
955,149.2803,1263,0.5558,100,1263,627,627,0.5686,0,0,0,0,Arabidopsis
956,165.3187,1208,0.3609,100,1208,732,676,0.3559,0,0,0,0,Candida
957,103.0761,1288,0.4099,100,1288,465,474,0.4014,0,0,0,0,Arabidopsis
958,247.0821,1243,0.4222,100,1243,1029,1029,0.4263,0,0,0,0,Arabidopsis
959,163.7928,1284,0.3596,96.9626,1245,726,688,0.3635,4.4354,127,0.098909657,0.4995,Arabidopsis
960,379.2273,1280,0.3216,100,1280,1627,1641,0.3157,0,0,0,0,Arabidopsis
961,156.3153,1272,0.3679,99.6855,1268,572,572,0.3687,0,0,0,0,Arabidopsis
962,21.2809,1264,0.4984,100,1264,90,90,0.503,7.5111,974,0.77056962,0.4864,Candida
963,79.0637,1255,0.3673,99.9203,1254,331,331,0.3751,0,0,0,0,Arabidopsis
964,38.0182,1153,0.3287,99.9133,1152,154,154,0.3185,0,0,0,0,Candida
965,163.2265,1245,0.3478,100,1245,685,676,0.3407,0,0,0,0,Arabidopsis
966,2946.0728,1195,0.323,100,1195,9118,9141,0.3223,0,0,0,0,Arabidopsis
967,16.004,1237,0.329,97.7365,1209,66,66,0.3359,0,0,0,0,Candida
968,231.9219,1217,0.4156,100,1217,943,943,0.4143,0,0,0,0,Arabidopsis
969,756.7485,1177,0.3628,100,1177,2707,2707,0.3603,22.7842,465,0.395072218,0.3745,Arabidopsis
970,89.991,1224,0.3325,100,1224,374,373,0.3252,0,0,0,0,Arabidopsis
971,90.3289,1216,0.2181,100,1216,368,370,0.2109,0,0,0,0,Arabidopsis
972,33.0477,1215,0.263,99.9177,1214,134,137,0.2699,5.1037,448,0.36872428,0.3099,Candida
973,1.4356,1203,0.3325,60.5154,728,6,6,0.3761,0,0,0,0,Arabidopsis
974,94.9674,1195,0.4259,99.9163,1194,381,379,0.4316,0,0,0,0,Arabidopsis
975,0,1192,0.3523,0,0,0,0,0,0,0,0,0,Arabidopsis
976,957.9477,1167,0.3522,100,1167,3549,3571,0.3609,0,0,0,0,Arabidopsis
977,1112.8407,1124,0.3843,100,1124,3661,3704,0.3788,0,0,0,0,Arabidopsis
978,201.5949,1180,0.408,100,1180,829,809,0.4145,0,0,0,0,Arabidopsis
979,1076.0832,1070,0.3143,100,1070,3331,3333,0.316,0,0,0,0,Arabidopsis
980,1443.5173,1096,0.3129,100,1096,4491,4514,0.3147,0,0,0,0,Arabidopsis
981,152.965,1171,0.4096,99.8292,1169,598,598,0.4033,0,0,0,0,Arabidopsis
982,173.6052,1160,0.4105,100,1160,683,679,0.4106,0,0,0,0,Arabidopsis
983,186.1981,1151,0.3467,100,1151,728,723,0.3425,15.9791,638,0.554300608,0.3336,Arabidopsis
984,276.3303,1108,0.3655,99.9097,1107,996,998,0.3661,0,0,0,0,Arabidopsis
985,1491.1524,1142,0.3477,100,1142,5676,5676,0.3158,0,0,0,0,Arabidopsis
986,171.8248,1113,0.4182,100,1113,641,641,0.4064,0,0,0,0,Arabidopsis
987,180.7933,1137,0.4292,100,1137,694,704,0.4342,0,0,0,0,Arabidopsis
988,17.9894,1137,0.4925,100,1137,68,69,0.4957,7.7643,847,0.744942832,0.4845,Candida
989,182.0202,1136,0.4481,100,1136,699,700,0.4463,23.4595,956,0.841549296,0.4511,Arabidopsis
990,13.1752,1136,0.3231,100,1136,50,50,0.3357,0,0,0,0,Candida
991,162.355,1124,0.444,100,1124,592,630,0.4445,30.9164,601,0.534697509,0.4698,Arabidopsis
992,194.8976,1123,0.3959,100,1123,742,745,0.3941,0,0,0,0,Arabidopsis
993,170.3884,1120,0.4375,100,1120,660,625,0.4396,0,0,0,0,Arabidopsis
994,385.8988,1067,0.3493,100,1067,1285,1285,0.3548,0.2737,183,0.171508903,0.405,Arabidopsis
995,18.4241,1113,0.2606,100,1113,66,72,0.2557,8.0836,922,0.828391734,0.2418,Candida
996,233.1043,1112,0.3498,100,1112,862,884,0.336,0,0,0,0,Arabidopsis
997,80.3776,1107,0.3351,100,1107,298,297,0.321,0,0,0,0,Arabidopsis
998,82.7853,1104,0.3804,100,1104,300,318,0.3872,0,0,0,0,Arabidopsis
999,144.0045,1103,0.3775,100,1103,539,540,0.3669,0,0,0,0,Arabidopsis
1000,183.0751,1092,0.4867,100,1092,685,674,0.484,0,0,0,0,Arabidopsis
1001,208.705,1095,0.3123,100,1095,726,719,0.3074,0,0,0,0,Arabidopsis
1002,494.7571,1095,0.347,100,1095,1826,1839,0.346,0,0,0,0,Arabidopsis
1003,329.5233,1093,0.3907,100,1093,1256,1204,0.3691,41.4593,421,0.385178408,0.511,Arabidopsis
1004,151.6321,1090,0.4339,99.7248,1087,551,551,0.4366,59.3826,1009,0.925688073,0.4505,Arabidopsis
1005,186.2063,1042,0.3234,100,1042,639,639,0.3226,0,0,0,0,Arabidopsis
1006,179.1088,1066,0.44,100,1066,649,644,0.4411,0,0,0,0,Arabidopsis
1007,185.5269,1061,0.4515,100,1061,675,649,0.4476,0,0,0,0,Arabidopsis
1008,1230.0956,1015,0.3498,100,1015,4050,4041,0.3485,0,0,0,0,Arabidopsis
1009,770.3415,934,0.3859,100,934,2428,2442,0.395,0,0,0,0,Arabidopsis
1010,170.7812,1042,0.3628,99.8081,1040,575,575,0.3622,0,0,0,0,Arabidopsis
1011,280.2608,1039,0.4976,100,1039,983,994,0.5101,0,0,0,0,Arabidopsis
1012,177.0782,1036,0.3314,100,1036,618,618,0.3227,0,0,0,0,Arabidopsis
1013,195.0696,1034,0.441,100,1034,681,686,0.4332,0,0,0,0,Arabidopsis
1014,20.3716,1028,0.5068,100,1028,70,70,0.5074,0,0,0,0,No BLAST hit
1015,287.7905,964,0.3551,100,964,876,877,0.3546,0,0,0,0,Arabidopsis
1016,176.6828,1015,0.4256,100,1015,609,613,0.4264,6.8798,204,0.200985222,0.4572,Arabidopsis
1017,16.8536,1011,0.2641,99.9011,1010,58,57,0.2683,0,0,0,0,Candida
1018,17.0683,1010,0.5089,100,1010,58,58,0.5136,13.0416,880,0.871287129,0.5284,Candida