ID,Avg_fold,Length,Ref_GC,Covered_percent,Covered_bases,Plus_reads,Minus_reads,Read_GC,Origin
0,20.9884,1943542,0.6673,99.9608,1942780,131283,131263,0.6669,Pseudomonas
1,102.5695,1795823,0.35,99.8395,1792941,597242,597324,0.3505,Caenorhabditis
2,104.7042,1644657,0.3465,99.8746,1642595,549924,550110,0.3472,Caenorhabditis
3,111.7803,1209942,0.3545,99.9996,1209937,405116,405082,0.3554,Caenorhabditis
4,103.7055,1182322,0.3474,99.9935,1182245,394271,394391,0.3476,Caenorhabditis
5,107.3921,1133662,0.3476,100,1133662,377479,377657,0.3481,Caenorhabditis
6,102.0526,1071497,0.3492,99.7015,1068299,357322,357317,0.3495,Caenorhabditis
7,113.913,1007815,0.3573,99.9201,1007010,335690,335895,0.358,Caenorhabditis
8,686.454,944054,0.3555,100,944054,328593,328499,0.3554,Caenorhabditis
9,326.6069,936826,0.3584,99.9999,936825,313729,313787,0.3587,Caenorhabditis
10,107.1925,928305,0.3505,100,928305,311546,311662,0.3505,Caenorhabditis
11,19.9386,915114,0.6613,99.9985,915100,60829,60829,0.6604,Pseudomonas
12,103.9768,903812,0.3477,100,903812,306607,306552,0.3479,Caenorhabditis
13,20.2701,769908,0.6671,99.8867,769036,51125,51124,0.6669,Pseudomonas
14,125.8184,771497,0.3573,100,771497,258994,258861,0.3569,Caenorhabditis
15,103.0109,753629,0.3485,100,753629,253415,253421,0.3483,Caenorhabditis
16,103.0645,736260,0.3547,99.816,734905,246934,246845,0.3559,Caenorhabditis
17,121.1683,715603,0.36,100,715603,239248,239385,0.3603,Caenorhabditis
18,102.3648,703156,0.3567,99.9322,702679,233546,233610,0.3568,Caenorhabditis
19,102.2593,682031,0.356,99.8767,681190,225878,225887,0.3561,Caenorhabditis
20,20.1522,677868,0.6683,99.73,676038,45193,45193,0.668,Pseudomonas
21,137.2936,675425,0.3539,99.9991,675419,227271,226818,0.3545,Caenorhabditis
22,106.2229,656256,0.3463,99.9998,656255,218373,218303,0.3478,Caenorhabditis
23,107.4129,641374,0.3469,99.7324,639658,213922,213902,0.3479,Caenorhabditis
24,122.3229,637375,0.3692,100,637375,213767,213742,0.3695,Caenorhabditis
25,111.1683,612088,0.3492,99.8183,610976,207458,207587,0.3496,Caenorhabditis
26,129.1471,611358,0.347,100,611358,211107,211101,0.3481,Caenorhabditis
27,111.0616,602034,0.3527,99.999,602028,203446,203371,0.3525,Caenorhabditis
28,127.597,601646,0.3513,99.9998,601645,204429,204479,0.3516,Caenorhabditis
29,102.1125,601250,0.3577,99.9998,601249,201002,201017,0.3583,Caenorhabditis
30,165.0174,594636,0.355,100,594636,205835,205781,0.3571,Caenorhabditis
31,131.8052,587038,0.3606,100,587038,195529,195623,0.3608,Caenorhabditis
32,104.4256,582200,0.3594,99.5661,579674,193419,193461,0.3596,Caenorhabditis
33,20.3073,581970,0.6756,99.6809,580113,38579,38577,0.6753,Pseudomonas
34,102.0825,552261,0.3569,99.9996,552259,184238,184320,0.3573,Caenorhabditis
35,111.5595,515178,0.3549,99.9922,515138,173662,173723,0.3551,Caenorhabditis
36,107.7835,508693,0.3617,100,508693,171062,170791,0.3623,Caenorhabditis
37,118.3236,498742,0.3461,99.9447,498466,166299,166396,0.346,Caenorhabditis
38,111.3431,496446,0.3478,100,496446,172729,172871,0.3458,Caenorhabditis
39,106.1313,487775,0.3488,99.9623,487591,165783,165710,0.3492,Caenorhabditis
40,102.2634,486248,0.3494,99.7078,484827,163064,163022,0.3503,Caenorhabditis
41,147.5791,484695,0.352,99.9996,484693,160052,159882,0.3521,Caenorhabditis
42,154.7873,481934,0.3633,99.7056,480515,160954,160843,0.3637,Caenorhabditis
43,114.2567,478203,0.3362,99.8888,477671,159845,159877,0.3375,Caenorhabditis
44,20.1835,473853,0.6586,99.2529,470313,31252,31250,0.6594,Pseudomonas
45,104.3912,474518,0.3524,99.9467,474265,158921,158832,0.3533,Caenorhabditis
46,214.0242,466130,0.3529,99.9998,466129,155552,155588,0.3536,Caenorhabditis
47,110.199,466266,0.3442,99.7574,465135,157712,157666,0.3449,Caenorhabditis
48,103.2313,466164,0.3398,100,466164,154731,154615,0.3401,Caenorhabditis
49,123.6909,445074,0.354,99.9996,445072,150297,150285,0.3537,Caenorhabditis
50,133.6403,438879,0.3707,99.9982,438871,149176,148966,0.3721,Caenorhabditis
51,19.8039,432674,0.6615,98.7025,427060,28334,28334,0.6608,Pseudomonas
52,101.1665,431831,0.3544,99.5665,429959,142777,142916,0.3561,Caenorhabditis
53,107.0731,432872,0.353,100,432872,146688,146655,0.3525,Caenorhabditis
54,177.4611,429757,0.3519,100,429757,144264,144205,0.3535,Caenorhabditis
55,106.5878,421423,0.3647,100,421423,141388,141307,0.3655,Caenorhabditis
56,102.4853,415287,0.3464,99.9993,415284,139247,139273,0.347,Caenorhabditis
57,112.2632,404112,0.3597,99.9374,403859,133414,133350,0.3603,Caenorhabditis
58,300.9383,403439,0.3587,100,403439,140649,140675,0.3576,Caenorhabditis
59,113.5028,392412,0.3571,99.9411,392181,132409,132370,0.3574,Caenorhabditis
60,1011.6978,389100,0.3437,100,389100,130413,130708,0.3459,Caenorhabditis
61,324.6899,377179,0.3674,99.9995,377177,127692,127644,0.368,Caenorhabditis
62,147.5895,378873,0.3549,99.9807,378800,129918,129911,0.3535,Caenorhabditis
63,100.4763,371518,0.353,99.9012,371151,123602,123603,0.3532,Caenorhabditis
64,167.7059,368465,0.3556,99.9995,368463,125453,125393,0.3596,Caenorhabditis
65,108.3238,368882,0.3577,100,368882,124662,124605,0.3593,Caenorhabditis
66,99.9206,364359,0.3493,100,364359,121392,121375,0.3498,Caenorhabditis
67,100.1625,356545,0.3502,99.991,356513,118556,118612,0.3504,Caenorhabditis
68,102.0327,354925,0.3558,99.845,354375,118856,118881,0.3566,Caenorhabditis
69,150.3186,356044,0.3588,100,356044,118709,118770,0.3593,Caenorhabditis
70,184.4144,352714,0.3417,99.6042,351318,116697,116593,0.3418,Caenorhabditis
71,106.9673,348755,0.3617,100,348755,117212,117119,0.3618,Caenorhabditis
72,101.883,343400,0.3526,99.5807,341960,115183,115205,0.3536,Caenorhabditis
73,135.2389,342751,0.3655,99.7786,341992,117671,117716,0.3645,Caenorhabditis
74,102.2128,342096,0.3512,100,342096,114240,114256,0.3524,Caenorhabditis
75,109.1315,342516,0.3519,100,342516,113426,113444,0.3521,Caenorhabditis
76,243.3975,341183,0.3567,100,341183,114582,114514,0.3562,Caenorhabditis
77,163.185,340141,0.3637,100,340141,113167,113144,0.3656,Caenorhabditis
78,131.6437,337182,0.3575,99.9991,337179,113758,113811,0.3595,Caenorhabditis
79,100.1906,332488,0.3442,99.5886,331120,110783,110777,0.3446,Caenorhabditis
80,103.9092,326148,0.3499,99.6606,325041,111503,111494,0.3506,Caenorhabditis
81,101.0478,325707,0.3383,99.591,324375,107879,107953,0.338,Caenorhabditis
82,375.8758,329535,0.3488,99.8237,328954,111042,111043,0.3494,Caenorhabditis
83,103.4958,320535,0.344,99.9997,320534,108381,108525,0.344,Caenorhabditis
84,187.5935,320524,0.3487,100,320524,110264,110350,0.3483,Caenorhabditis
85,151.9806,317306,0.3637,100,317306,107499,107383,0.3632,Caenorhabditis
86,109.2118,317588,0.3453,99.9987,317584,106150,106126,0.3454,Caenorhabditis
87,102.6131,316875,0.3412,99.9908,316846,106179,106126,0.3421,Caenorhabditis
88,101.8522,315418,0.3614,100,315418,105205,105243,0.3617,Caenorhabditis
89,357.9331,315775,0.3524,100,315775,106876,106919,0.3518,Caenorhabditis
90,159.8908,316459,0.3626,100,316459,105573,105518,0.3636,Caenorhabditis
91,148.035,314311,0.366,100,314311,104754,104772,0.3684,Caenorhabditis
92,563.8265,313766,0.3429,100,313766,107797,107817,0.3454,Caenorhabditis
93,100.7017,310390,0.3605,99.9778,310321,103436,103439,0.361,Caenorhabditis
94,106.4695,308436,0.3498,100,308436,103838,103814,0.3495,Caenorhabditis
95,103.8251,307284,0.3349,99.6729,306279,102531,102532,0.3353,Caenorhabditis
96,110.0675,305914,0.3573,99.546,304525,100957,100859,0.3577,Caenorhabditis
97,102.2622,303295,0.3423,100,303295,102021,101990,0.3427,Caenorhabditis
98,113.129,303364,0.3533,99.4653,301742,99967,99949,0.3558,Caenorhabditis
99,100.3636,301645,0.3496,99.9486,301490,100658,100628,0.3506,Caenorhabditis
100,113.4573,298617,0.3297,99.9973,298609,99515,99573,0.3303,Caenorhabditis
101,108.2803,297838,0.3099,99.9997,297837,97915,97875,0.3115,Caenorhabditis
102,101.4847,293569,0.3148,99.7009,292691,97350,97349,0.3156,Caenorhabditis
103,104.0973,289783,0.3717,100,289783,97779,97802,0.3709,Caenorhabditis
104,101.4701,285574,0.3597,99.5283,284227,94966,95019,0.3607,Caenorhabditis
105,109.7256,285877,0.3528,100,285877,100784,100755,0.3561,Caenorhabditis
106,116.659,283150,0.3599,100,283150,94388,94423,0.3608,Caenorhabditis
107,109.9204,281926,0.3333,100,281926,97652,97569,0.3353,Caenorhabditis
108,140.2392,283700,0.3607,100,283700,94111,94070,0.3608,Caenorhabditis
109,117.1164,280601,0.3532,99.9993,280599,97414,97464,0.3537,Caenorhabditis
110,103.0856,276036,0.3585,100,276036,92542,92570,0.3583,Caenorhabditis
111,100.1585,273933,0.3637,99.9971,273925,91395,91388,0.364,Caenorhabditis
112,103.2145,273540,0.343,99.9989,273537,91692,91631,0.3435,Caenorhabditis
113,106.1512,273492,0.3701,99.9996,273491,92823,92800,0.3698,Caenorhabditis
114,103.9772,272548,0.3515,100,272548,91783,91785,0.3516,Caenorhabditis
115,106.9581,271053,0.3595,100,271053,93132,92937,0.3602,Caenorhabditis
116,111.6894,266500,0.3785,100,266500,88970,88963,0.3779,Caenorhabditis
117,108.9885,264930,0.3632,100,264930,88324,88315,0.3639,Caenorhabditis
118,100.6774,262032,0.3429,99.9996,262031,87160,87135,0.3435,Caenorhabditis
119,133.1553,262800,0.348,99.9985,262796,89378,89399,0.3486,Caenorhabditis
120,121.1007,257849,0.3672,99.9996,257848,87084,87097,0.3654,Caenorhabditis
121,124.8683,257516,0.3592,100,257516,89448,89449,0.364,Caenorhabditis
122,106.9796,255645,0.3438,100,255645,85500,85556,0.3452,Caenorhabditis
123,121.708,253181,0.3445,99.9917,253160,86391,86373,0.3446,Caenorhabditis
124,128.5104,251742,0.3492,100,251742,86214,86358,0.3523,Caenorhabditis
125,165.2583,250072,0.3505,100,250072,84669,84636,0.3507,Caenorhabditis
126,107.9102,249584,0.3607,100,249584,83951,83870,0.3606,Caenorhabditis
127,103.6755,243107,0.3433,100,243107,82567,82565,0.346,Caenorhabditis
128,103.713,240982,0.3552,99.9606,240887,81689,81647,0.3564,Caenorhabditis
129,185.2201,239211,0.3521,99.9983,239207,85914,86016,0.358,Caenorhabditis
130,167.4436,236371,0.3286,99.9996,236370,90565,90546,0.3423,Caenorhabditis
131,116.2492,238687,0.3557,99.4466,237366,80453,80668,0.3547,Caenorhabditis
132,167.4311,232093,0.3413,99.9996,232092,88501,88460,0.3371,Caenorhabditis
133,159.1728,230507,0.3487,100,230507,81927,81890,0.3524,Caenorhabditis
134,102.2819,229712,0.3507,99.2856,228071,76727,76757,0.3509,Caenorhabditis
135,112.0218,228869,0.3823,99.9996,228868,76517,76481,0.3828,Caenorhabditis
136,148.3399,227644,0.3557,99.9996,227643,76994,77022,0.3557,Caenorhabditis
137,160.1961,227647,0.3685,100,227647,76077,76054,0.3703,Caenorhabditis
138,121.0421,227011,0.3372,100,227011,78155,78161,0.342,Caenorhabditis
139,107.8379,225654,0.348,99.9513,225544,78567,78561,0.3521,Caenorhabditis
140,21.7849,224823,0.661,100,224823,16083,16083,0.6514,Pseudomonas
141,100.7003,224459,0.3571,99.9969,224452,74978,75000,0.3576,Caenorhabditis
142,120.6298,224209,0.3593,100,224209,75428,75401,0.3599,Caenorhabditis
143,142.9335,223608,0.3668,100,223608,75501,75501,0.3672,Caenorhabditis
144,188.3605,220748,0.3665,100,220748,78439,78143,0.3674,Caenorhabditis
145,107.7504,219572,0.3537,99.9034,219360,75377,75377,0.3535,Caenorhabditis
146,108.8669,218749,0.3429,99.4949,217644,75204,75218,0.3468,Caenorhabditis
147,118.6182,218371,0.3534,100,218371,71727,71715,0.3538,Caenorhabditis
148,357.1285,217839,0.3683,99.9995,217838,73329,73293,0.3704,Caenorhabditis
149,105.8701,217705,0.3573,99.9982,217701,73408,73317,0.3582,Caenorhabditis
150,202.3473,219488,0.3551,99.9995,219487,75920,75953,0.3603,Caenorhabditis
151,160.2616,213330,0.3509,99.8069,212918,70534,70601,0.3519,Caenorhabditis
152,151.6006,213869,0.3555,99.9991,213867,70917,70908,0.3554,Caenorhabditis
153,101.974,212135,0.3522,99.0713,210165,71385,71466,0.3514,Caenorhabditis
154,110.6919,211790,0.35,100,211790,71430,71541,0.3484,Caenorhabditis
155,195.8351,207514,0.3706,99.999,207512,71310,71378,0.3694,Caenorhabditis
156,140.6863,204787,0.3618,100,204787,73173,73291,0.3632,Caenorhabditis
157,102.8994,201019,0.3562,99.206,199423,67734,67730,0.357,Caenorhabditis
158,186.5672,200888,0.3934,100,200888,66683,66650,0.393,Caenorhabditis
159,126.0589,200506,0.3408,100,200506,69521,69565,0.3406,Caenorhabditis
160,145.3902,200933,0.3788,99.9995,200932,67325,67281,0.3801,Caenorhabditis
161,169.0887,198317,0.3463,99.9829,198283,69080,69054,0.3531,Caenorhabditis
162,281.2693,198291,0.3712,99.0146,196337,65246,65251,0.3711,Caenorhabditis
163,116.687,198149,0.3744,99.6609,197477,68121,68195,0.3778,Caenorhabditis
164,112.7223,199868,0.3544,99.9995,199867,69248,69393,0.3587,Caenorhabditis
165,163.499,197249,0.374,99.9995,197248,68188,68267,0.3742,Caenorhabditis
166,161.8069,197228,0.3537,99.998,197224,68774,68827,0.354,Caenorhabditis
167,104.3255,195231,0.3509,100,195231,64980,64963,0.3519,Caenorhabditis
168,187.1496,196143,0.3387,99.998,196139,72405,72353,0.3448,Caenorhabditis
169,100.9552,195204,0.3574,99.3187,193874,64325,64339,0.3581,Caenorhabditis
170,112.0275,195185,0.3594,99.9985,195182,67803,67694,0.3605,Caenorhabditis
171,137.0959,194879,0.3609,100,194879,67131,67073,0.3593,Caenorhabditis
172,103.5562,193965,0.3507,98.7307,191503,64963,64997,0.3527,Caenorhabditis
173,104.1987,193554,0.3772,99.0339,191684,64315,64386,0.3769,Caenorhabditis
174,128.2426,195014,0.3433,99.9954,195005,64653,64714,0.3432,Caenorhabditis
175,99.9232,190766,0.3505,99.936,190644,63556,63549,0.3512,Caenorhabditis
176,102.7971,190533,0.3529,99.9218,190384,64649,64648,0.3541,Caenorhabditis
177,101.6687,187333,0.3496,99.9989,187331,63019,63013,0.3497,Caenorhabditis
178,120.3875,186639,0.3564,100,186639,61680,61669,0.3566,Caenorhabditis
179,225.3551,186622,0.3603,100,186622,64294,64047,0.3589,Caenorhabditis
180,117.2956,185831,0.3532,100,185831,67961,67923,0.3599,Caenorhabditis
181,101.3603,184961,0.3533,99.9978,184957,61975,61973,0.3528,Caenorhabditis
182,103.4166,184236,0.3531,99.1733,182713,62143,62111,0.3543,Caenorhabditis
183,106.6497,183045,0.3471,100,183045,63136,63092,0.3481,Caenorhabditis
184,101.8369,182764,0.3572,99.5015,181853,60291,60294,0.3575,Caenorhabditis
185,140.9668,182500,0.3604,99.9989,182498,61154,61126,0.3616,Caenorhabditis
186,107.3156,181115,0.3554,99.9983,181112,60515,60531,0.3553,Caenorhabditis
187,102.0583,180990,0.361,99.3281,179774,60326,60414,0.3613,Caenorhabditis
188,137.747,178859,0.3921,99.8966,178674,61151,61154,0.3945,Caenorhabditis
189,102.1289,178005,0.3502,99.5101,177133,59195,59179,0.3516,Caenorhabditis
190,130.9765,177799,0.3513,99.9623,177732,59967,60013,0.3528,Caenorhabditis
191,99.8903,177774,0.3423,98.2106,174593,58154,58172,0.3427,Caenorhabditis
192,101.8788,177628,0.3564,99.8745,177405,59783,59777,0.3571,Caenorhabditis
193,104.7224,177430,0.3701,100,177430,60107,60115,0.3696,Caenorhabditis
194,228.0401,176684,0.3567,100,176684,63035,63223,0.3574,Caenorhabditis
195,141.3832,179589,0.3241,99.9978,179585,59598,59597,0.3256,Caenorhabditis
196,100.7591,175761,0.3713,100,175761,58552,58513,0.3716,Caenorhabditis
197,122.7665,175128,0.3529,99.9977,175124,62173,62215,0.3489,Caenorhabditis
198,129.7288,174069,0.3135,99.9994,174068,61592,61956,0.3214,Caenorhabditis
199,118.5612,173413,0.3528,100,173413,61729,61645,0.3501,Caenorhabditis
200,103.5106,172705,0.3718,100,172705,59024,59015,0.3748,Caenorhabditis
201,127.3418,176188,0.3589,99.5068,175319,61650,61637,0.3593,Caenorhabditis
202,121.3413,169295,0.3586,99.9988,169293,57997,57953,0.358,Caenorhabditis
203,219.4452,168540,0.3609,100,168540,60827,60679,0.361,Caenorhabditis
204,355.6473,166573,0.3577,100,166573,60991,60984,0.3606,Caenorhabditis
205,142.0853,168771,0.3309,100,168771,59017,59003,0.3316,Caenorhabditis
206,112.5993,166695,0.3814,100,166695,54703,54825,0.382,Caenorhabditis
207,173.1644,164928,0.3599,100,164928,56750,56758,0.3576,Caenorhabditis
208,105.2496,164392,0.3511,100,164392,55925,55913,0.3532,Caenorhabditis
209,130.1749,164163,0.3679,98.9998,162521,56372,56366,0.369,Caenorhabditis
210,138.9133,163651,0.327,100,163651,54593,54587,0.3281,Caenorhabditis
211,126.3738,160708,0.3433,100,160708,54510,54553,0.3435,Caenorhabditis
212,121.7666,159405,0.353,100,159405,55734,55603,0.3583,Caenorhabditis
213,108.8449,157666,0.389,99.9968,157661,52745,52753,0.3889,Caenorhabditis
214,180.0591,156795,0.3708,100,156795,52645,52573,0.371,Caenorhabditis
215,176.9175,156600,0.3547,100,156600,54505,54438,0.3551,Caenorhabditis
216,106.8653,155799,0.3716,100,155799,54696,54655,0.374,Caenorhabditis
217,275.2138,155040,0.3559,100,155040,52400,52398,0.3559,Caenorhabditis
218,159.3893,154947,0.3177,100,154947,54365,54373,0.3216,Caenorhabditis
219,104.8393,154370,0.3692,100,154370,53035,52997,0.3705,Caenorhabditis
220,103.2277,152558,0.3574,99.998,152555,51271,51259,0.357,Caenorhabditis
221,129.1219,151904,0.3745,100,151904,51905,51710,0.3751,Caenorhabditis
222,113.1331,151644,0.3616,100,151644,50521,50449,0.3625,Caenorhabditis
223,109.4837,151400,0.3505,99.9993,151399,50405,50386,0.3519,Caenorhabditis
224,194.6269,151296,0.3335,100,151296,51767,51658,0.3331,Caenorhabditis
225,100.5022,150588,0.358,100,150588,50437,50453,0.3596,Caenorhabditis
226,124.4555,148043,0.3656,100,148043,51732,51707,0.3651,Caenorhabditis
227,425.8122,149479,0.37,100,149479,52362,52470,0.3718,Caenorhabditis
228,184.7075,150304,0.3682,99.9993,150303,52806,52766,0.3671,Caenorhabditis
229,119.2218,149093,0.3567,100,149093,55743,55805,0.3558,Caenorhabditis
230,103.6433,149320,0.3312,99.9987,149318,51271,51302,0.3329,Caenorhabditis
231,104.5723,146481,0.3062,99.998,146478,47994,47939,0.3074,Caenorhabditis
232,136.6741,148051,0.3748,100,148051,48677,48714,0.3724,Caenorhabditis
233,105.7623,146135,0.3542,99.9993,146134,49281,49261,0.3543,Caenorhabditis
234,113.7302,147668,0.3637,99.9445,147586,51311,51292,0.3607,Caenorhabditis
235,117.758,146317,0.3512,99.9993,146316,49019,49056,0.3516,Caenorhabditis
236,110.5041,147572,0.3501,100,147572,50800,50711,0.352,Caenorhabditis
237,127.524,144103,0.3512,100,144103,48658,48672,0.3551,Caenorhabditis
238,126.5454,143196,0.3545,99.3673,142290,47312,47294,0.3538,Caenorhabditis
239,98.746,141534,0.3413,100,141534,46162,46163,0.3419,Caenorhabditis
240,129.7362,143391,0.3577,100,143391,48966,48893,0.3575,Caenorhabditis
241,102.1092,141015,0.3509,99.8865,140855,45614,45624,0.3502,Caenorhabditis
242,164.8468,139952,0.3505,99.9986,139950,46082,45950,0.3514,Caenorhabditis
243,140.789,138432,0.3787,100,138432,48119,48087,0.3815,Caenorhabditis
244,101.0079,137593,0.3515,98.3786,135362,45054,45109,0.3516,Caenorhabditis
245,117.2939,137455,0.3643,100,137455,46411,46323,0.363,Caenorhabditis
246,113.8286,137050,0.3868,99.9942,137042,46824,46845,0.3875,Caenorhabditis
247,101.3289,137157,0.3307,100,137157,45987,46059,0.3314,Caenorhabditis
248,103.0147,135364,0.3759,100,135364,45176,45216,0.3764,Caenorhabditis
249,105.3352,135186,0.3561,99.9993,135185,44914,44871,0.3559,Caenorhabditis
250,327.9381,135184,0.3614,100,135184,45024,44981,0.3614,Caenorhabditis
251,100.2609,134086,0.3453,100,134086,44842,44826,0.3449,Caenorhabditis
252,129.1058,133912,0.3861,100,133912,44470,44428,0.3856,Caenorhabditis
253,104.471,133383,0.3603,99.9055,133257,45641,45636,0.3621,Caenorhabditis
254,276.2616,132563,0.3518,100,132563,44825,44881,0.3514,Caenorhabditis
255,106.6434,132490,0.3792,99.8581,132302,44852,44850,0.381,Caenorhabditis
256,157.4181,130272,0.3687,100,130272,43915,43923,0.3699,Caenorhabditis
257,156.5492,128463,0.3721,100,128463,49777,49692,0.3748,Caenorhabditis
258,106.0073,127522,0.3489,99.1492,126437,42945,42953,0.3503,Caenorhabditis
259,124.4582,126794,0.3448,99.9874,126778,43815,43943,0.3455,Caenorhabditis
260,105.2499,126088,0.3827,99.5749,125552,42416,42393,0.3825,Caenorhabditis
261,104.108,124974,0.3487,99.9984,124972,41837,41835,0.3484,Caenorhabditis
262,113.9937,125832,0.349,99.9968,125828,41322,41290,0.3496,Caenorhabditis
263,106.5492,123493,0.3589,99.3247,122659,39797,39814,0.3616,Caenorhabditis
264,102.5409,122844,0.3598,99.9984,122842,40710,40704,0.3606,Caenorhabditis
265,102.5494,122732,0.3439,97.9427,120207,40290,40251,0.3452,Caenorhabditis
266,102.1336,120511,0.3427,99.4175,119809,40536,40513,0.3448,Caenorhabditis
267,958.6489,124634,0.36,100,124634,47560,47571,0.3512,Caenorhabditis
268,103.1315,121210,0.3581,99.9884,121196,39804,39779,0.3573,Caenorhabditis
269,123.5097,119339,0.3634,99.9992,119338,43640,43524,0.3632,Caenorhabditis
270,105.3124,118460,0.353,99.9992,118459,39117,39132,0.3523,Caenorhabditis
271,99.1067,118184,0.3582,99.0836,117101,38732,38710,0.3588,Caenorhabditis
272,108.2444,118061,0.3457,99.9975,118058,39288,39289,0.3458,Caenorhabditis
273,108.2067,117805,0.3853,100,117805,40647,40532,0.3841,Caenorhabditis
274,133.3083,117294,0.3687,100,117294,40955,40934,0.3744,Caenorhabditis
275,122.7125,117794,0.3747,99.6536,117386,38096,38114,0.374,Caenorhabditis
276,101.4169,115542,0.3576,100,115542,38557,38612,0.3584,Caenorhabditis
277,100.6418,115138,0.3599,98.989,113974,37491,37547,0.3589,Caenorhabditis
278,110.6136,116652,0.3672,99.8834,116516,39249,39236,0.3643,Caenorhabditis
279,22.4122,113749,0.6705,99.3881,113053,7342,7360,0.6709,Pseudomonas
280,111.4159,113044,0.3632,100,113044,40599,40573,0.3675,Caenorhabditis
281,103.9269,112213,0.369,99.3423,111475,38696,38636,0.3702,Caenorhabditis
282,112.9359,112145,0.387,100,112145,38591,38611,0.385,Caenorhabditis
283,107.3782,111193,0.3667,100,111193,36551,36531,0.3696,Caenorhabditis
284,125.606,111156,0.3678,100,111156,39437,39385,0.3692,Caenorhabditis
285,106.206,110668,0.3631,99.9973,110665,37167,37100,0.3634,Caenorhabditis
286,101.2306,110234,0.3617,100,110234,36948,36951,0.3617,Caenorhabditis
287,101.4214,109844,0.3553,99.9982,109842,37144,37148,0.3558,Caenorhabditis
288,107.8351,109702,0.3228,99.9991,109701,36729,36651,0.3246,Caenorhabditis
289,121.9298,109497,0.3803,100,109497,39487,39309,0.379,Caenorhabditis
290,111.9123,107905,0.3489,100,107905,36095,36100,0.3487,Caenorhabditis
291,184.3347,107647,0.3567,99.9972,107644,38606,38597,0.3637,Caenorhabditis
292,109.7592,107454,0.3548,99.9972,107451,37841,37698,0.3553,Caenorhabditis
293,108.8134,107604,0.3709,99.9006,107497,36960,36993,0.3719,Caenorhabditis
294,107.603,106844,0.3399,100,106844,35320,35435,0.3396,Caenorhabditis
295,104.6415,104191,0.3548,99.9693,104159,34735,34699,0.3552,Caenorhabditis
296,126.7594,103691,0.3401,100,103691,35049,35053,0.3403,Caenorhabditis
297,100.3605,103422,0.3441,100,103422,34574,34608,0.3445,Caenorhabditis
298,99.9095,100764,0.3562,99.3649,100124,33128,33141,0.356,Caenorhabditis
299,100.4096,100605,0.3709,99.9891,100594,33564,33529,0.3713,Caenorhabditis
300,101.5025,99897,0.3324,100,99897,33433,33424,0.3328,Caenorhabditis
301,108.4032,99211,0.3736,99.234,98451,33737,33668,0.3752,Caenorhabditis
302,153.0137,98756,0.3308,100,98756,32749,32720,0.3314,Caenorhabditis
303,101.875,98614,0.3539,99.999,98613,32738,32737,0.3544,Caenorhabditis
304,101.0472,98250,0.3555,99.4046,97665,33093,33081,0.3557,Caenorhabditis
305,123.145,98128,0.3685,100,98128,34388,34415,0.363,Caenorhabditis
306,120.2663,97122,0.3454,100,97122,33636,33615,0.3447,Caenorhabditis
307,102.0537,97147,0.3697,99.9918,97139,31759,31684,0.3713,Caenorhabditis
308,101.4986,96981,0.3513,100,96981,32648,32609,0.3515,Caenorhabditis
309,114.77,99258,0.3155,98.0717,97344,32604,32664,0.3171,Caenorhabditis
310,120.5026,96403,0.3651,98.2158,94683,33523,33595,0.3621,Caenorhabditis
311,100.4435,95704,0.3668,100,95704,31919,31905,0.3679,Caenorhabditis
312,112.1041,95540,0.3407,100,95540,32865,32761,0.3423,Caenorhabditis
313,106.6146,94925,0.3628,100,94925,33234,33224,0.3709,Caenorhabditis
314,106.3114,94139,0.3112,100,94139,30723,30738,0.3111,Caenorhabditis
315,100.6706,93703,0.3676,100,93703,31064,31058,0.3669,Caenorhabditis
316,158.3996,93708,0.3761,99.1292,92892,31190,31168,0.3761,Caenorhabditis
317,126.5935,92918,0.3807,100,92918,33925,33576,0.3771,Caenorhabditis
318,119.5723,92601,0.3814,100,92601,31080,31086,0.3822,Caenorhabditis
319,105.8656,92928,0.3534,100,92928,31779,31832,0.3525,Caenorhabditis
320,148.0174,92334,0.3677,99.9989,92333,31038,31012,0.3685,Caenorhabditis
321,221.3687,91876,0.3634,100,91876,32805,32833,0.3573,Caenorhabditis
322,127.3374,91811,0.3633,100,91811,31691,31660,0.3627,Caenorhabditis
323,118.2979,91703,0.3535,100,91703,32882,32858,0.3519,Caenorhabditis
324,224.9191,91658,0.3526,99.9967,91655,37141,37230,0.3508,Caenorhabditis
325,103.0243,93298,0.3343,100,93298,31497,31490,0.3363,Caenorhabditis
326,160.3428,90687,0.3488,100,90687,43259,43209,0.3505,Caenorhabditis
327,108.6407,90143,0.3288,99.9989,90142,31420,31534,0.3321,Caenorhabditis
328,117.8399,90459,0.3435,99.9989,90458,30347,30416,0.3449,Caenorhabditis
329,257.1385,87744,0.3393,99.9989,87743,29181,29220,0.3388,Caenorhabditis
330,123.2161,87556,0.3469,100,87556,31358,31365,0.3508,Caenorhabditis
331,137.0413,87109,0.3477,99.9989,87108,31884,31853,0.3544,Caenorhabditis
332,102.5604,87019,0.3864,98.9336,86091,29375,29380,0.3869,Caenorhabditis
333,104.7673,86749,0.3501,99.9965,86746,29608,29598,0.3512,Caenorhabditis
334,103.3412,86401,0.3486,100,86401,29640,29713,0.3505,Caenorhabditis
335,286.039,85810,0.3338,100,85810,30184,30338,0.3306,Caenorhabditis
336,100.1367,85596,0.3447,100,85596,28589,28585,0.3453,Caenorhabditis
337,98.5024,84154,0.3645,99.9964,84151,26791,26806,0.3646,Caenorhabditis
338,101.5202,82022,0.3565,99.9988,82021,27177,27159,0.3558,Caenorhabditis
339,131.4039,81953,0.3476,99.961,81921,27690,27607,0.3493,Caenorhabditis
340,104.2593,81339,0.3516,100,81339,26352,26439,0.3518,Caenorhabditis
341,119.6003,82181,0.35,99.1701,81499,30191,30247,0.3492,Caenorhabditis
342,99.3484,80073,0.3429,100,80073,26536,26515,0.3436,Caenorhabditis
343,99.2156,78497,0.3552,99.9834,78484,25853,25853,0.3551,Caenorhabditis
344,103.4457,78076,0.3584,99.9974,78074,26916,26885,0.3596,Caenorhabditis
345,103.1816,79323,0.3234,100,79323,27056,27071,0.3261,Caenorhabditis
346,101.9049,76761,0.3769,100,76761,25784,25819,0.377,Caenorhabditis
347,105.5786,76913,0.329,100,76913,25730,25747,0.3308,Caenorhabditis
348,104.516,76733,0.3135,100,76733,26651,26645,0.3132,Caenorhabditis
349,126.1788,76215,0.3654,99.9646,76188,25412,25453,0.367,Caenorhabditis
350,210.0385,75962,0.3405,100,75962,26644,26642,0.3453,Caenorhabditis
351,103.0711,75591,0.3059,98.1069,74160,24970,24999,0.3051,Caenorhabditis
352,184.9512,75440,0.3432,100,75440,25793,25799,0.3443,Caenorhabditis
353,109.8549,74968,0.3135,100,74968,24861,24871,0.3138,Caenorhabditis
354,107.6845,74917,0.3531,100,74917,26194,26183,0.3531,Caenorhabditis
355,106.9122,74562,0.3701,100,74562,24623,24697,0.3698,Caenorhabditis
356,114.8492,74980,0.3368,100,74980,27513,27493,0.3411,Caenorhabditis
357,100.9127,74051,0.351,100,74051,24870,24879,0.3509,Caenorhabditis
358,110.0356,73998,0.3773,99.9986,73997,26727,26673,0.3866,Caenorhabditis
359,161.1937,75046,0.3611,100,75046,25146,25130,0.3605,Caenorhabditis
360,108.0548,73078,0.3644,99.7058,72863,25092,24930,0.3642,Caenorhabditis
361,100.6711,72721,0.3724,100,72721,24188,24200,0.3727,Caenorhabditis
362,177.7539,74013,0.3766,99.973,73993,27865,28213,0.382,Caenorhabditis
363,99.1399,71452,0.3366,98.6536,70490,23232,23232,0.3373,Caenorhabditis
364,103.0814,70771,0.3559,100,70771,23369,23535,0.3582,Caenorhabditis
365,113.3048,70639,0.3287,99.6546,70395,24993,24945,0.3279,Caenorhabditis
366,102.6358,72318,0.3418,100,72318,23274,23369,0.3421,Caenorhabditis
367,97.6085,70187,0.3474,98.9813,69472,22709,22719,0.3464,Caenorhabditis
368,137.5934,70229,0.3406,99.6753,70001,23866,23939,0.3429,Caenorhabditis
369,109.8691,69443,0.3709,100,69443,24528,24500,0.3834,Caenorhabditis
370,111.2779,69424,0.3729,100,69424,23500,23528,0.3731,Caenorhabditis
371,104.2325,68090,0.3486,100,68090,23205,23214,0.3497,Caenorhabditis
372,99.7418,68603,0.3592,99.2041,68057,22778,22829,0.3601,Caenorhabditis
373,197.9157,68430,0.3643,100,68430,23127,23111,0.3642,Caenorhabditis
374,100.8,66914,0.3633,99.8401,66807,22226,22118,0.3636,Caenorhabditis
375,147.053,66842,0.325,99.9985,66841,23351,23358,0.3319,Caenorhabditis
376,104.7777,66243,0.3548,98.0209,64932,23025,23028,0.3509,Caenorhabditis
377,107.2851,65443,0.3524,100,65443,23079,23086,0.3543,Caenorhabditis
378,106.8033,65369,0.3788,97.2127,63547,21015,20965,0.38,Caenorhabditis
379,117.0584,65293,0.3645,99.9954,65290,23099,23103,0.3657,Caenorhabditis
380,107.1148,65090,0.3667,100,65090,22318,22319,0.368,Caenorhabditis
381,123.1078,65000,0.3394,99.9969,64998,25447,25625,0.3395,Caenorhabditis
382,106.9662,64475,0.3838,99.91,64417,21775,21824,0.3847,Caenorhabditis
383,110.0307,64248,0.3796,100,64248,22173,22159,0.3783,Caenorhabditis
384,101.1269,64025,0.3368,100,64025,21428,21447,0.3371,Caenorhabditis
385,99.2189,63477,0.3831,99.7306,63306,20864,20892,0.3844,Caenorhabditis
386,209.4325,63386,0.3499,99.1244,62831,21292,21281,0.3419,Caenorhabditis
387,99.8063,62686,0.3567,100,62686,20861,20858,0.3572,Caenorhabditis
388,102.2159,63808,0.3549,99.9953,63805,21480,21463,0.3536,Caenorhabditis
389,99.938,62173,0.3718,100,62173,20674,20689,0.3718,Caenorhabditis
390,150.1686,62045,0.3408,99.9952,62042,20643,20640,0.3408,Caenorhabditis
391,124.5686,63354,0.3469,99.9968,63352,20301,20210,0.3454,Caenorhabditis
392,102.8176,61492,0.3518,100,61492,20967,20889,0.3519,Caenorhabditis
393,122.4924,61076,0.3742,100,61076,22824,22750,0.3769,Caenorhabditis
394,127.7792,59947,0.3513,100,59947,21916,21930,0.3418,Caenorhabditis
395,101.3083,61285,0.3287,98.7142,60497,20453,20500,0.3326,Caenorhabditis
396,140.7953,58820,0.3583,99.9949,58817,21399,21418,0.3549,Caenorhabditis
397,109.1928,58652,0.3503,99.8926,58589,19631,19623,0.35,Caenorhabditis
398,149.8666,58707,0.3709,100,58707,21558,21589,0.3815,Caenorhabditis
399,104.0074,58199,0.3511,99.9828,58189,19631,19564,0.351,Caenorhabditis
400,107.9481,58562,0.3505,99.9966,58560,19776,19827,0.35,Caenorhabditis
401,98.9162,57190,0.3495,100,57190,18860,18863,0.3509,Caenorhabditis
402,100.7292,57235,0.3419,100,57235,19229,19223,0.342,Caenorhabditis
403,109.6856,56432,0.3468,100,56432,19146,19211,0.347,Caenorhabditis
404,217.8915,56357,0.3495,99.9982,56356,18940,18907,0.3502,Caenorhabditis
405,106.37,55771,0.3501,99.3617,55415,19638,19615,0.348,Caenorhabditis
406,108.0258,55590,0.341,99.9964,55588,18842,18840,0.3407,Caenorhabditis
407,136.7581,55444,0.3729,100,55444,19241,19249,0.369,Caenorhabditis
408,129.1149,55689,0.3632,99.3571,55331,18788,18772,0.362,Caenorhabditis
409,97.1179,55265,0.3396,99.4463,54959,17607,17642,0.339,Caenorhabditis
410,102.2823,53752,0.3417,99.9293,53714,18154,18125,0.3421,Caenorhabditis
411,186.9829,53700,0.3301,100,53700,19732,19756,0.3319,Caenorhabditis
412,96.5479,53431,0.3592,99.9981,53430,17143,17192,0.3601,Caenorhabditis
413,102.1594,53345,0.3482,100,53345,18168,18168,0.3476,Caenorhabditis
414,104.1528,54845,0.2948,100,54845,17565,17594,0.2954,Caenorhabditis
415,20.2393,52102,0.6607,100,52102,3517,3517,0.66,Pseudomonas
416,164.1507,51685,0.345,100,51685,20421,20351,0.3352,Caenorhabditis
417,112.8694,51457,0.3511,99.9922,51453,19117,19191,0.3528,Caenorhabditis
418,140.4476,50883,0.3404,99.9941,50880,19847,19820,0.3451,Caenorhabditis
419,108.5606,50305,0.3722,99.4096,50008,17110,17143,0.3718,Caenorhabditis
420,101.7657,50216,0.3588,99.998,50215,16677,16631,0.3587,Caenorhabditis
421,99.3074,49947,0.3501,100,49947,16523,16518,0.3501,Caenorhabditis
422,115.4797,49555,0.3681,97.298,48216,15730,15733,0.3651,Caenorhabditis
423,111.316,49538,0.3657,100,49538,17553,17545,0.3684,Caenorhabditis
424,95.5198,49302,0.3655,93.0327,45867,15698,15559,0.3645,Caenorhabditis
425,134.3973,49148,0.3636,99.8372,49068,17438,17409,0.362,Caenorhabditis
426,100.1243,48821,0.3449,99.998,48820,16227,16228,0.3446,Caenorhabditis
427,173.4287,50704,0.3464,100,50704,18803,18825,0.3393,Caenorhabditis
428,102.3526,47809,0.3326,100,47809,16132,16106,0.3321,Caenorhabditis
429,104.8868,47744,0.3407,100,47744,15649,15651,0.3413,Caenorhabditis
430,103.8939,47508,0.3577,99.9979,47507,16456,16425,0.3564,Caenorhabditis
431,98.5351,47445,0.3499,99.8082,47354,15607,15588,0.3505,Caenorhabditis
432,100.4191,47261,0.3542,99.5197,47034,15737,15755,0.3526,Caenorhabditis
433,97.9191,46322,0.3522,100,46322,15058,15058,0.3528,Caenorhabditis
434,110.3184,45093,0.355,99.9978,45092,15937,15962,0.3539,Caenorhabditis
435,236.9391,44727,0.3469,100,44727,15201,15146,0.339,Caenorhabditis
436,150.208,44722,0.3577,100,44722,14612,14630,0.3609,Caenorhabditis
437,117.2903,44055,0.3653,99.9705,44042,16886,17008,0.3683,Caenorhabditis
438,101.0771,43865,0.3866,100,43865,14766,14795,0.3864,Caenorhabditis
439,19.1254,43583,0.6606,99.0661,43176,2779,2779,0.6602,Pseudomonas
440,105.3081,43337,0.357,100,43337,14258,14245,0.3593,Caenorhabditis
441,100.0905,43231,0.3622,99.9121,43193,14425,14409,0.3598,Caenorhabditis
442,98.546,43162,0.3653,99.8564,43100,14083,14020,0.3662,Caenorhabditis
443,105.2485,42218,0.365,99.1378,41854,13880,13873,0.3653,Caenorhabditis
444,114.2314,42229,0.3189,96.2916,40663,14262,14336,0.3154,Caenorhabditis
445,98.5285,41703,0.3491,98.3047,40996,13746,13673,0.347,Caenorhabditis
446,153.4155,39987,0.3932,100,39987,18159,18557,0.387,Caenorhabditis
447,97.404,39935,0.3741,99.9975,39934,12785,12789,0.3744,Caenorhabditis
448,100.1409,39685,0.3571,100,39685,13248,13247,0.3566,Caenorhabditis
449,116.3783,39402,0.3668,100,39402,13484,13497,0.364,Caenorhabditis
450,141.6449,39345,0.3531,100,39345,13211,13203,0.3561,Caenorhabditis
451,102.1262,39343,0.3357,99.9898,39339,13215,13188,0.3356,Caenorhabditis
452,110.2213,38657,0.3328,99.0687,38297,14173,14181,0.3337,Caenorhabditis
453,99.9787,38278,0.3022,100,38278,12705,12696,0.3039,Caenorhabditis
454,100.1163,38143,0.3438,100,38143,12736,12736,0.3437,Caenorhabditis
455,98.6465,38050,0.3318,99.9185,38019,12516,12519,0.3324,Caenorhabditis
456,105.584,36604,0.3586,99.7159,36500,12264,12213,0.3613,Caenorhabditis
457,110.9235,36517,0.3804,100,36517,11880,11868,0.3801,Caenorhabditis
458,170.2258,36442,0.3752,100,36442,12883,12866,0.3755,Caenorhabditis
459,131.6801,36439,0.3714,99.9863,36434,12617,12624,0.3711,Caenorhabditis
460,98.5399,36247,0.3141,99.0896,35917,11762,11759,0.3159,Caenorhabditis
461,105.0196,36095,0.3473,100,36095,12225,12240,0.3476,Caenorhabditis
462,105.098,36053,0.29,99.9972,36052,12152,12117,0.2951,Caenorhabditis
463,205.7366,35220,0.3173,100,35220,13385,13347,0.3114,Caenorhabditis
464,120.5284,35030,0.3606,99.9971,35029,11765,11760,0.3607,Caenorhabditis
465,98.5866,34871,0.3418,100,34871,11462,11469,0.3426,Caenorhabditis
466,114.409,34512,0.3648,99.9971,34511,11752,11767,0.3662,Caenorhabditis
467,116.1016,34374,0.3559,99.2494,34116,11750,11816,0.3547,Caenorhabditis
468,103.1054,34313,0.3461,100,34313,11610,11615,0.3468,Caenorhabditis
469,106.88,33272,0.3696,99.991,33269,11773,11754,0.3714,Caenorhabditis
470,104.6631,32405,0.3565,99.9938,32403,10733,10723,0.3595,Caenorhabditis
471,102.5939,32393,0.3622,100,32393,10888,10876,0.363,Caenorhabditis
472,121.6226,32195,0.3181,99.9969,32194,11968,11984,0.3285,Caenorhabditis
473,101.3247,31393,0.3645,99.9873,31389,10511,10513,0.3665,Caenorhabditis
474,126.9717,32567,0.3878,95.6275,31143,10861,10960,0.3837,Caenorhabditis
475,127.2177,31003,0.3164,99.9968,31002,11096,11157,0.3171,Caenorhabditis
476,77.2136,30969,0.3523,78.9402,24447,7895,7909,0.3405,Caenorhabditis
477,101.5928,30764,0.3762,95.9108,29506,10475,10401,0.3756,Caenorhabditis
478,100.4101,30208,0.3413,99.9967,30207,9919,9907,0.3408,Caenorhabditis
479,111.1924,29803,0.2938,99.9966,29802,9828,9833,0.2918,Caenorhabditis
480,120.5486,29463,0.3361,100,29463,11794,11731,0.3245,Caenorhabditis
481,101.8882,29154,0.3434,99.9966,29153,9911,9902,0.3441,Caenorhabditis
482,115.1456,28855,0.3571,100,28855,9870,9853,0.3575,Caenorhabditis
483,122.4709,28762,0.3797,100,28762,10147,10133,0.3776,Caenorhabditis
484,99.7648,28490,0.3339,100,28490,9447,9431,0.3326,Caenorhabditis
485,93.0361,28431,0.3764,97.7032,27778,8821,8857,0.3765,Caenorhabditis
486,143.271,28265,0.3188,99.4056,28097,9233,9232,0.3322,Caenorhabditis
487,126.3473,27874,0.3437,98.9381,27578,10613,10597,0.3302,Caenorhabditis
488,117.0852,29959,0.3625,100,29959,9677,9716,0.365,Caenorhabditis
489,114.5085,25986,0.3281,100,25986,9585,9542,0.332,Caenorhabditis
490,99.0446,26911,0.3731,94.3963,25403,8891,8885,0.3723,Caenorhabditis
491,98.9683,26742,0.3706,99.9514,26729,8830,8829,0.3714,Caenorhabditis
492,103.1914,26736,0.3713,100,26736,8815,8783,0.3724,Caenorhabditis
493,109.3105,26393,0.387,99.7689,26332,9540,9549,0.395,Caenorhabditis
494,98.8852,25979,0.3606,100,25979,8568,8573,0.3604,Caenorhabditis
495,137.7569,25670,0.3475,100,25670,11799,11844,0.3692,Caenorhabditis
496,104.9117,25624,0.3573,99.9961,25623,8664,8676,0.3576,Caenorhabditis
497,97.2303,25571,0.3769,95.7921,24495,8298,8294,0.3774,Caenorhabditis
498,102.7476,25230,0.3568,99.9841,25226,8482,8419,0.3583,Caenorhabditis
499,102.374,24931,0.3704,99.0775,24701,8353,8353,0.3679,Caenorhabditis
500,72.8014,24873,0.3916,89.6273,22293,5998,5991,0.3996,Caenorhabditis
501,198.1295,24682,0.3825,100,24682,16133,16157,0.3837,Caenorhabditis
502,117.2161,24634,0.3486,100,24634,9633,9634,0.3636,Caenorhabditis
503,107.2311,24345,0.3742,100,24345,8332,8314,0.3751,Caenorhabditis
504,100.3411,24335,0.3609,98.496,23969,8140,8139,0.3598,Caenorhabditis
505,92.4058,24040,0.4042,92.8785,22328,7356,7373,0.4048,Caenorhabditis
506,99.2628,23995,0.3501,97.7162,23447,7796,7797,0.3498,Caenorhabditis
507,109.899,24032,0.3465,100,24032,8701,8706,0.3488,Caenorhabditis
508,106.6177,23385,0.3427,99.9273,23368,8282,8301,0.3435,Caenorhabditis
509,138.0982,23373,0.3516,100,23373,8911,8970,0.3365,Caenorhabditis
510,99.7546,23015,0.3756,94.0169,21638,7681,7620,0.376,Caenorhabditis
511,101.1402,23452,0.3893,100,23452,7817,7885,0.3998,Caenorhabditis
512,101.7015,22768,0.3791,77.9735,17753,7734,7712,0.3779,Caenorhabditis
513,135.7457,22641,0.3558,100,22641,7509,7556,0.3563,Caenorhabditis
514,138.9566,22673,0.3772,100,22673,9349,9619,0.3806,Caenorhabditis
515,105.0209,20801,0.337,100,20801,7296,7288,0.3377,Caenorhabditis
516,134.0755,24406,0.3651,99.9877,24403,10366,10327,0.3496,Caenorhabditis
517,122.9675,20543,0.3568,100,20543,8347,8291,0.348,Caenorhabditis
518,15.8861,19748,0.606,80.9196,15980,1046,1046,0.6064,Pseudomonas
519,124.1338,19482,0.327,100,19482,7743,7806,0.331,Caenorhabditis
520,98.7626,19379,0.3706,100,19379,6382,6383,0.3703,Caenorhabditis
521,99.5676,19276,0.3531,99.9689,19270,6402,6418,0.3535,Caenorhabditis
522,87.7046,19259,0.352,91.8012,17680,5644,5621,0.3559,Caenorhabditis
523,96.3504,19037,0.3581,99.9842,19034,6026,6026,0.3608,Caenorhabditis
524,145.8619,18857,0.346,99.9947,18856,8663,8653,0.3658,Caenorhabditis
525,94.7263,19359,0.3117,99.9328,19346,6049,6032,0.316,Caenorhabditis
526,107.9753,19159,0.2987,100,19159,6720,6736,0.31,Caenorhabditis
527,129.3599,18435,0.2857,100,18435,6115,6133,0.2856,Caenorhabditis
528,209.5225,18436,0.3626,100,18436,12612,12648,0.3677,Caenorhabditis
529,119.577,18275,0.3527,99.9891,18273,7247,7249,0.365,Caenorhabditis
530,100.0423,18284,0.3769,100,18284,6056,6097,0.3807,Caenorhabditis
531,102.0911,17214,0.3822,100,17214,5764,5756,0.3814,Caenorhabditis
532,126.4388,16929,0.3835,97.4836,16503,7013,7012,0.3857,Caenorhabditis
533,49.0063,16624,0.3677,75.5474,12559,2679,2667,0.4041,Caenorhabditis
534,211.2012,16337,0.3715,100,16337,10926,10936,0.3718,Caenorhabditis
535,89.4434,16293,0.3275,99.9877,16291,4832,4831,0.325,Caenorhabditis
536,115.1914,16232,0.3394,99.963,16226,6191,6177,0.353,Caenorhabditis
537,111.8485,15864,0.3678,93.854,14889,5913,5943,0.3809,Caenorhabditis
538,114.3401,15311,0.3636,95.709,14654,5065,5115,0.3789,Caenorhabditis
539,95.097,14988,0.3936,99.9733,14984,4741,4737,0.3941,Caenorhabditis
540,124.4726,14866,0.3362,100,14866,6185,6142,0.3358,Caenorhabditis
541,108.273,14704,0.3353,100,14704,5309,5329,0.3302,Caenorhabditis
542,104.9776,14426,0.3208,100,14426,5065,5060,0.3222,Caenorhabditis
543,97.9531,14101,0.3732,98.7944,13931,4615,4681,0.3752,Caenorhabditis
544,209.7645,13648,0.4036,100,13648,9479,9466,0.4337,Caenorhabditis
545,109.6489,13615,0.398,100,13615,4973,4973,0.4099,Caenorhabditis
546,104.5457,13491,0.2417,100,13491,4518,4535,0.2406,Caenorhabditis
547,105.0327,13305,0.3565,100,13305,4628,4614,0.36,Caenorhabditis
548,198.2513,12926,0.3881,100,12926,8536,8532,0.3878,Caenorhabditis
549,131.9831,12575,0.3775,100,12575,5496,5499,0.3821,Caenorhabditis
550,74.849,16340,0.3311,100,16340,3957,3968,0.324,Caenorhabditis
551,108.0787,12246,0.364,100,12246,4436,4397,0.3665,Caenorhabditis
552,81.2654,12244,0.4275,87.0222,10655,3321,3313,0.4045,Caenorhabditis
553,99.757,12083,0.355,100,12083,4032,4020,0.3544,Caenorhabditis
554,96.4828,11304,0.3827,99.8938,11292,3636,3636,0.3793,Caenorhabditis
555,96.1894,11208,0.3538,99.9822,11206,3593,3596,0.3518,Caenorhabditis
556,106.2339,11176,0.3544,100,11176,3891,3886,0.3571,Caenorhabditis
557,123.5687,11010,0.3617,100,11010,4511,4535,0.386,Caenorhabditis
558,231.4802,10833,0.3202,100,10833,7873,7976,0.3222,Caenorhabditis
559,90.5146,10747,0.3659,100,10747,3242,3244,0.3666,Caenorhabditis
560,117.3737,10599,0.3941,89.9141,9530,3903,3953,0.3783,Caenorhabditis
561,104.3614,10441,0.3385,73.9105,7717,3623,3623,0.3547,Caenorhabditis
562,107.052,9997,0.3979,100,9997,3581,3530,0.3938,Caenorhabditis
563,107.9908,9667,0.3877,99.9897,9666,3201,3201,0.3893,Caenorhabditis
564,133.6206,9670,0.4106,99.576,9629,4199,4196,0.412,Caenorhabditis
565,195.6608,9454,0.4007,100,9454,6164,6162,0.4,Caenorhabditis
566,90.6827,9451,0.3673,96.5295,9123,2870,2870,0.3589,Caenorhabditis
567,117.8788,9244,0.3222,100,9244,3603,3583,0.3379,Caenorhabditis
568,97.7193,9206,0.4472,99.9566,9202,3032,3002,0.4448,Caenorhabditis
569,0.4821,9103,0.3132,13.8855,1264,17,13,0.3578,Caenorhabditis
570,97.0852,9024,0.3477,93.3067,8420,2865,2907,0.3355,Caenorhabditis
571,2.4127,9013,0.3077,96.2831,8678,52,52,0.2603,Caenorhabditis
572,124.9164,8986,0.3477,100,8986,3626,3666,0.344,Caenorhabditis
573,93.5456,8984,0.3762,98.4528,8845,2803,2807,0.3771,Caenorhabditis
574,184.7659,8921,0.3669,98.1168,8753,5494,5494,0.3611,Caenorhabditis
575,37.7922,8858,0.4343,50.8128,4501,1111,1148,0.3907,Caenorhabditis
576,118.0931,8681,0.3809,96.9013,8412,3441,3410,0.3764,Caenorhabditis
577,124.6745,8777,0.3671,100,8777,3607,3607,0.3778,Caenorhabditis
578,111.4543,8668,0.3532,86.5367,7501,3277,3207,0.3574,Caenorhabditis
579,109.8781,8623,0.3601,100,8623,3164,3171,0.3678,Caenorhabditis
580,95.334,8573,0.3107,100,8573,2744,2715,0.3054,Caenorhabditis
581,144.8807,8510,0.3649,84.3596,7179,4102,4135,0.3584,Caenorhabditis
582,192.8335,8364,0.3685,100,8364,5371,5390,0.3715,Caenorhabditis
583,140.4031,8315,0.3521,100,8315,3605,3593,0.3533,Caenorhabditis
584,115.594,8243,0.305,95.8996,7905,3166,3165,0.3198,Caenorhabditis
585,129.3901,8246,0.3744,100,8246,3565,3563,0.3787,Caenorhabditis
586,96.6247,8188,0.3449,99.9756,8186,2644,2627,0.3448,Caenorhabditis
587,105.6549,8183,0.4121,100,8183,2812,2804,0.4098,Caenorhabditis
588,96.0838,8091,0.3389,100,8091,2595,2600,0.3416,Caenorhabditis
589,197.2582,7979,0.3508,100,7979,5247,5235,0.3496,Caenorhabditis
590,101.8584,7882,0.4312,99.9493,7878,2694,2687,0.4291,Caenorhabditis
591,105.7241,7910,0.4551,88.7105,7017,2639,2665,0.4595,Caenorhabditis
592,201.3525,7739,0.3417,100,7739,5208,5199,0.3409,Caenorhabditis
593,53.7305,7717,0.3794,63.3925,4892,1389,1383,0.3724,Caenorhabditis
594,160.2978,7637,0.3576,100,7637,3707,3717,0.3546,Caenorhabditis
595,2.7412,7612,0.3525,17.4199,1326,60,74,0.3653,Caenorhabditis
596,102.3019,7536,0.3917,100,7536,2579,2580,0.3924,Caenorhabditis
597,96.3064,7516,0.4123,99.9867,7515,2417,2430,0.4101,Caenorhabditis
598,194.08,7487,0.3797,100,7487,4841,4860,0.3799,Caenorhabditis
599,209.1423,7484,0.3827,100,7484,5138,5156,0.3829,Caenorhabditis
600,0.5024,7482,0.4118,22.5875,1690,13,16,0.3993,Caenorhabditis
601,143.5057,7352,0.3236,100,7352,3557,3499,0.3179,Caenorhabditis
602,75.8216,7229,0.37,86.5403,6256,1825,1842,0.3657,Caenorhabditis
603,0,7265,0.3915,0,0,0,0,0,Caenorhabditis
604,148.0466,7254,0.412,100,7254,3542,3586,0.4084,Caenorhabditis
605,138.0094,7249,0.3328,82.3148,5967,3339,3339,0.3248,Caenorhabditis
606,202.0399,7113,0.3463,100,7113,2631,2633,0.364,Caenorhabditis
607,178.0726,7083,0.3439,93.3503,6612,4229,4226,0.3451,Caenorhabditis
608,16.9876,7015,0.4135,24.3621,1709,409,407,0.4699,Caenorhabditis
609,104.4714,6833,0.383,94.0582,6427,2363,2378,0.3988,Caenorhabditis
610,162.4732,6733,0.2441,100,6733,3347,3322,0.2434,Caenorhabditis
611,196.3209,6581,0.3303,100,6581,4328,4303,0.3282,Caenorhabditis
612,1460.6633,6445,0.3545,100,6445,17921,16945,0.2852,Caenorhabditis
613,90.686,6385,0.3714,99.2013,6334,1947,1918,0.3729,Caenorhabditis
614,0.4151,6398,0.4267,31.041,1986,9,9,0.4544,Caenorhabditis
615,125.8667,6311,0.3659,99.7148,6293,2583,2507,0.3647,Caenorhabditis
616,96.4586,6319,0.4138,100,6319,2040,2033,0.4148,Caenorhabditis
617,183.8837,6288,0.3612,100,6288,3069,3109,0.3618,Caenorhabditis
618,216.7824,6241,0.3436,100,6241,4306,4451,0.3125,Caenorhabditis
619,110.948,6206,0.3833,100,6206,2260,2261,0.3847,Caenorhabditis
620,143.7911,6031,0.3683,100,6031,2902,2760,0.4079,Caenorhabditis
621,127.5172,5855,0.3342,100,5855,2214,2205,0.341,Caenorhabditis
622,195.4015,5828,0.3478,99.9828,5827,3778,3836,0.3525,Caenorhabditis
623,0.6244,5746,0.3308,50.1914,2884,12,12,0.3483,Caenorhabditis
624,36.0563,5683,0.3711,75.5235,4292,682,708,0.3614,Caenorhabditis
625,205.1375,5679,0.4453,100,5679,3771,3761,0.4432,Caenorhabditis
626,196.1397,5664,0.4002,100,5664,3710,3691,0.4014,Caenorhabditis
627,97.6021,5627,0.3829,100,5627,1829,1854,0.382,Caenorhabditis
628,140.037,5464,0.3556,100,5464,2174,2175,0.3606,Caenorhabditis
629,199.795,5429,0.2912,100,5429,3659,3583,0.2902,Caenorhabditis
630,170.9996,5362,0.3525,90.6378,4860,3049,3079,0.3624,Caenorhabditis
631,46.6249,5294,0.3804,55.0623,2915,823,823,0.3683,Caenorhabditis
632,116.9244,5200,0.354,82,4264,2027,2027,0.3432,Caenorhabditis
633,191.8584,5184,0.3758,100,5184,3316,3318,0.3738,Caenorhabditis
634,158.6579,5183,0.3656,86.5329,4485,2791,2726,0.3644,Caenorhabditis
635,95.4599,5179,0.4426,99.8455,5171,1655,1652,0.4477,Caenorhabditis
636,155.9217,5160,0.3205,79.0116,4077,2696,2687,0.3285,Caenorhabditis
637,196.6068,5142,0.4271,100,5142,3362,3333,0.4257,Caenorhabditis
638,104.8311,5080,0.3566,99.9803,5079,1800,1768,0.3656,Caenorhabditis
639,75.6808,5053,0.3337,76.9642,3889,1279,1275,0.3366,Caenorhabditis
640,171.6685,4995,0.3407,94.4945,4720,2907,2828,0.3289,Caenorhabditis
641,0.6769,4936,0.4485,41.8558,2066,12,12,0.4367,Caenorhabditis
642,199.6747,4909,0.3872,100,4909,3260,3253,0.3883,Caenorhabditis
643,186.7779,4862,0.3258,100,4862,3020,3044,0.3225,Caenorhabditis
644,84.0205,4729,0.3795,100,4729,1035,1049,0.3836,Caenorhabditis
645,110.9201,4583,0.3595,100,4583,1740,1716,0.3645,Caenorhabditis
646,195.767,4489,0.3609,100,4489,2930,2953,0.3587,Caenorhabditis
647,203.4755,4465,0.3333,100,4465,3110,2973,0.3332,Caenorhabditis
648,99.0146,4453,0.3232,100,4453,1452,1449,0.324,Caenorhabditis
649,118.5117,4444,0.4278,100,4444,1770,1730,0.4327,Caenorhabditis
650,171.3101,4382,0.4121,95.0707,4166,2523,2509,0.413,Caenorhabditis
651,82.5167,4351,0.3722,81.9122,3564,1210,1196,0.3686,Caenorhabditis
652,187.3186,4284,0.437,99.9066,4280,2676,2676,0.438,Caenorhabditis
653,149.2187,4275,0.3546,100,4275,1398,1385,0.3521,Caenorhabditis
654,79.6517,4573,0.3417,98.3162,4496,1214,1215,0.3335,Caenorhabditis
655,174.7089,4177,0.3385,99.8324,4170,2436,2481,0.3313,Caenorhabditis
656,397.6557,4087,0.4164,100,4087,2047,2066,0.3681,Caenorhabditis
657,94.7871,3979,0.378,100,3979,1265,1258,0.3791,Caenorhabditis
658,76.5434,3942,0.3686,52.1055,2054,1006,1006,0.3483,Caenorhabditis
659,91.3296,3941,0.4887,95.3311,3757,1208,1209,0.4899,Caenorhabditis
660,94.0775,3936,0.3814,100,3936,1237,1239,0.381,Caenorhabditis
661,128.9449,4010,0.3713,98.3042,3942,1511,1500,0.3685,Caenorhabditis
662,0.6491,3870,0.3501,42.584,1648,9,9,0.3611,Caenorhabditis
663,0,3836,0.3811,0,0,0,0,0,Caenorhabditis
664,101.9987,3772,0.3701,100,3772,1301,1277,0.3699,Caenorhabditis
665,0.48,3708,0.3363,36.7044,1361,6,6,0.36,Caenorhabditis
666,100.9855,3657,0.3301,100,3657,1216,1262,0.3291,Caenorhabditis
667,94.756,3554,0.276,99.9156,3551,1124,1124,0.2739,Caenorhabditis
668,103.1541,3550,0.367,100,3550,1249,1254,0.3722,Caenorhabditis
669,111.8713,3520,0.3125,100,3520,1361,1288,0.3208,Caenorhabditis
670,98.9046,3492,0.3488,100,3492,1140,1171,0.3459,Caenorhabditis
671,155.7509,3460,0.3693,100,3460,1733,1878,0.3642,Caenorhabditis
672,187.608,3429,0.3684,99.9708,3428,2164,2162,0.3619,Caenorhabditis
673,102.2696,3397,0.3153,100,3397,1160,1160,0.3103,Caenorhabditis
674,449.019,3366,0.388,98.0095,3299,5039,5039,0.3837,Caenorhabditis
675,206.2985,3286,0.3641,99.8783,3282,2235,2300,0.3619,Caenorhabditis
676,197.9575,3244,0.3856,100,3244,2151,2156,0.382,Caenorhabditis
677,184.8282,3195,0.2804,99.8748,3191,1988,1968,0.2692,Caenorhabditis
678,174.0574,3190,0.3296,93.605,2986,1713,1674,0.3387,Caenorhabditis
679,184.5517,3179,0.3731,100,3179,1952,1970,0.3737,Caenorhabditis
680,198.8256,3170,0.3589,100,3170,2145,2110,0.3623,Caenorhabditis
681,45.8237,3165,0.3678,50.9321,1612,510,474,0.3752,Caenorhabditis
682,103.1266,3112,0.3522,100,3112,1106,1063,0.3437,Caenorhabditis
683,20.0427,3112,0.3493,66.3239,2064,227,202,0.4105,Caenorhabditis
684,0,3106,0.3683,0,0,0,0,0,Caenorhabditis
685,189.9984,3069,0.3161,100,3069,1958,1954,0.3183,Caenorhabditis
686,16.8023,3025,0.3474,42.0496,1272,171,169,0.3327,Caenorhabditis
687,95.4674,2931,0.3501,100,2931,928,928,0.3447,Caenorhabditis
688,90.3355,2957,0.2892,61.7856,1827,899,892,0.2687,Caenorhabditis
689,195.3443,2931,0.3606,100,2931,1916,1924,0.3609,Caenorhabditis
690,192.3508,2928,0.3823,100,2928,1881,1896,0.3803,Caenorhabditis
691,0.2158,2901,0.3471,18.3385,532,2,2,0.4233,Caenorhabditis
692,6.9979,2891,0.4559,62.4697,1806,62,70,0.5049,Caenorhabditis
693,157.9473,2884,0.3363,100,2884,1637,1651,0.2981,Caenorhabditis
694,136.1501,2852,0.3752,99.8597,2848,1314,1307,0.3806,Caenorhabditis
695,99.1371,2822,0.4444,100,2822,938,946,0.446,Caenorhabditis
696,142.1827,2781,0.333,83.1715,2313,1349,1293,0.3456,Caenorhabditis
697,100.878,2738,0.3733,100,2738,931,927,0.3755,Caenorhabditis
698,189.1321,2732,0.4261,100,2732,1740,1725,0.4275,Caenorhabditis
699,136.1762,2559,0.4024,98.6323,2524,1199,1163,0.4187,Caenorhabditis
700,11.0029,2726,0.4236,22.3037,608,100,100,0.4409,Caenorhabditis
701,91.0186,2583,0.3295,100,2583,790,787,0.3252,Caenorhabditis
702,93.4975,2639,0.4721,100,2639,839,816,0.4905,Caenorhabditis
703,175.0487,2650,0.3828,99.5849,2639,1564,1551,0.3801,Caenorhabditis
704,0.4504,2649,0.373,35.1831,932,4,4,0.3808,Caenorhabditis
705,88.0659,2550,0.3624,99.4118,2535,750,750,0.3601,Caenorhabditis
706,97.5081,2478,0.3894,100,2478,795,804,0.3924,Caenorhabditis
707,194.1789,2471,0.3521,100,2471,1602,1602,0.3464,Caenorhabditis
708,0.2434,2461,0.3657,23.2832,573,2,2,0.3433,Caenorhabditis
709,0,2434,0.3761,0,0,0,0,0,Caenorhabditis
710,103.9744,2343,0.3578,99.9146,2341,817,817,0.3697,Caenorhabditis
711,190.7847,2383,0.4631,99.9161,2381,1496,1527,0.4718,Caenorhabditis
712,101.9867,2332,0.3979,100,2332,799,799,0.396,Caenorhabditis
713,99.9291,2327,0.2402,100,2327,776,776,0.2347,Caenorhabditis
714,89.9159,2283,0.4214,99.781,2278,686,687,0.4077,Caenorhabditis
715,125.0709,2256,0.3348,100,2256,968,993,0.3484,Caenorhabditis
716,85.6949,2252,0.3561,100,2252,652,643,0.3475,Caenorhabditis
717,218.5713,2244,0.4037,100,2244,1589,1611,0.411,Caenorhabditis
718,79.5184,2232,0.3413,98.1183,2190,607,602,0.3667,Caenorhabditis
719,118.369,2195,0.3795,100,2195,671,678,0.3786,Caenorhabditis
720,113.1917,2108,0.3382,99.7628,2103,796,813,0.3294,Caenorhabditis
721,0,2145,0.3506,0,0,0,0,0,Caenorhabditis
722,90.9681,2133,0.3554,100,2133,656,645,0.3476,Caenorhabditis
723,196.8635,2073,0.4584,99.9518,2072,1361,1414,0.4663,Caenorhabditis
724,100.9453,2066,0.3587,100,2066,697,697,0.3575,Caenorhabditis
725,3.4811,2066,0.3582,31.7522,656,26,26,0.3331,Caenorhabditis
726,112.3124,2039,0.4492,100,2039,771,771,0.4342,Caenorhabditis
727,86.8245,2028,0.323,100,2028,587,587,0.3182,Caenorhabditis
728,162.6424,1966,0.4115,100,1966,1297,1235,0.4339,Caenorhabditis
729,90.2632,1964,0.3359,100,1964,593,596,0.3484,Caenorhabditis
730,224.9256,1962,0.2947,100,1962,1488,1478,0.2983,Caenorhabditis
731,163.1955,1949,0.2849,100,1949,1078,1069,0.2862,Caenorhabditis
732,143.9721,1935,0.3332,100,1935,968,943,0.3184,Caenorhabditis
733,0,1931,0.3993,0,0,0,0,0,Caenorhabditis
734,194.2526,1912,0.3745,100,1912,1272,1241,0.3789,Caenorhabditis
735,191.1369,1907,0.3242,100,1907,1242,1222,0.3212,Caenorhabditis
736,96.4795,1898,0.333,100,1898,622,611,0.3339,Caenorhabditis
737,90.2749,1844,0.359,100,1844,558,558,0.3642,Caenorhabditis
738,156.9617,1829,0.3794,99.8907,1827,957,957,0.3741,Caenorhabditis
739,148.8277,1828,0.3747,99.7812,1824,907,907,0.3716,Caenorhabditis
740,0,1815,0.3273,0,0,0,0,0,Caenorhabditis
741,181.5491,1794,0.3634,94.5931,1697,1001,1041,0.366,Caenorhabditis
742,88.0904,1769,0.4376,100,1769,512,530,0.4437,Caenorhabditis
743,199.6254,1783,0.369,100,1783,1262,1168,0.3598,Caenorhabditis
744,175.9753,1781,0.4818,99.9439,1780,1048,1048,0.4928,Caenorhabditis
745,94.671,1760,0.3562,100,1760,561,564,0.3551,Caenorhabditis
746,682.5812,1693,0.2989,100,1693,4265,3631,0.2959,Caenorhabditis
747,188.856,1722,0.3184,100,1722,1093,1114,0.3104,Caenorhabditis
748,326.2375,1718,0.3611,99.9418,1717,1859,1883,0.3375,Caenorhabditis
749,82.5986,1714,0.4212,100,1714,472,472,0.4258,Caenorhabditis
750,574.3253,1703,0.4354,100,1703,3276,3302,0.4413,Caenorhabditis
751,99.43,1693,0.2823,100,1693,553,550,0.2853,Caenorhabditis
752,467.2591,1667,0.3944,99.6401,1661,2592,2592,0.4005,Caenorhabditis
753,93.0157,1659,0.3707,100,1659,528,513,0.3793,Caenorhabditis
754,87.9523,1657,0.3705,100,1657,488,487,0.3589,Caenorhabditis
755,0.3795,1655,0.3704,36.0121,596,3,2,0.4187,Caenorhabditis
756,32.4782,1652,0.6869,100,1652,180,180,0.6846,Pseudomonas
757,122.8428,1635,0.3376,99.9388,1634,665,673,0.3379,Caenorhabditis
758,266.5363,1585,0.4328,99.6845,1580,1451,1472,0.4045,Caenorhabditis
759,185.8247,1620,0.4185,100,1620,1014,1017,0.423,Caenorhabditis
760,0.3962,1613,0.3676,23.0006,371,3,3,0.3256,Caenorhabditis
761,157.4954,1536,0.347,100,1536,811,821,0.3448,Caenorhabditis
762,180.2236,1534,0.421,99.8696,1532,929,924,0.4285,Caenorhabditis
763,93.6243,1528,0.3279,99.9346,1527,478,480,0.3206,Caenorhabditis
764,176.2823,1516,0.4095,100,1516,925,890,0.4134,Caenorhabditis
765,92.031,1484,0.3895,100,1484,461,459,0.3891,Caenorhabditis
766,180.6193,1479,0.3435,100,1479,894,898,0.3356,Caenorhabditis
767,90.5936,1447,0.3234,98.065,1419,439,443,0.3243,Caenorhabditis
768,165.5982,1446,0.3938,100,1446,800,804,0.3971,Caenorhabditis
769,86.3114,1442,0.2843,100,1442,420,417,0.28,Caenorhabditis
770,87.656,1436,0.4004,100,1436,429,429,0.401,Caenorhabditis
771,164.5154,1424,0.427,100,1424,781,781,0.4249,Caenorhabditis
772,113.2602,1353,0.2944,99.7783,1350,500,547,0.2819,Caenorhabditis
773,176.8943,1344,0.4698,100,1344,796,795,0.4632,Caenorhabditis
774,92.5875,1389,0.3218,100,1389,437,430,0.3178,Caenorhabditis
775,90.8074,1386,0.3304,100,1386,423,430,0.3349,Caenorhabditis
776,18.9005,1377,0.4052,47.5672,655,99,98,0.4943,Caenorhabditis
777,0,1373,0.4086,0,0,0,0,0,Caenorhabditis
778,107.3051,1370,0.4956,100,1370,487,487,0.5332,Caenorhabditis
779,543.1769,1368,0.437,100,1368,2531,2524,0.4409,Caenorhabditis
780,249.594,1357,0.3882,100,1357,1130,1155,0.4007,Caenorhabditis
781,0.2215,1350,0.377,21.037,284,1,1,0.3,Caenorhabditis
782,172.3455,1288,0.3486,100,1288,721,711,0.35,Caenorhabditis
783,213.229,1332,0.5323,100,1332,688,688,0.5326,Caenorhabditis
784,24.582,1330,0.4174,45.5639,606,109,109,0.4415,Caenorhabditis
785,46.198,1328,0.3926,53.6145,712,205,211,0.4979,Caenorhabditis
786,0.4523,1322,0.4062,38.5023,509,2,2,0.3567,Caenorhabditis
787,393.3698,1317,0.2892,100,1317,1706,1732,0.2939,Caenorhabditis
788,164.2399,1284,0.3326,100,1284,716,728,0.3338,Caenorhabditis
789,48.7609,1280,0.4187,86.4063,1106,200,200,0.3987,Caenorhabditis
790,165.8278,1272,0.3463,100,1272,713,711,0.3516,Caenorhabditis
791,213.0428,1262,0.4889,100,1262,726,702,0.4526,Caenorhabditis
792,0,1261,0.3751,0,0,0,0,0,Caenorhabditis
793,9.2524,1256,0.3981,48.8854,614,39,39,0.4274,Caenorhabditis
794,146.8357,1254,0.4482,100,1254,614,614,0.4445,Caenorhabditis
795,78.7808,1241,0.4343,99.9194,1240,338,324,0.4438,Caenorhabditis
796,178.3114,1169,0.4503,100,1169,707,702,0.4529,Caenorhabditis
797,0,1223,0.3205,0,0,0,0,0,Caenorhabditis
798,0,1218,0.3309,0,0,0,0,0,Caenorhabditis
799,84.5259,1217,0.4996,99.014,1205,342,345,0.4894,Caenorhabditis
800,0,1205,0.3369,0,0,0,0,0,Caenorhabditis
801,176.0758,1201,0.4138,100,1201,721,712,0.4159,Caenorhabditis
802,195.9975,1194,0.4837,100,1194,809,814,0.4858,Caenorhabditis
803,191.9637,1186,0.441,100,1186,759,767,0.4544,Caenorhabditis
804,182.9848,1182,0.4056,100,1182,726,742,0.4023,Caenorhabditis
805,183.3714,1182,0.3215,100,1182,694,694,0.3246,Caenorhabditis
806,85.9667,1141,0.3944,100,1141,327,335,0.3921,Caenorhabditis
807,98.8107,1178,0.3107,100,1178,391,392,0.2934,Caenorhabditis
808,123.4493,1173,0.314,100,1173,487,506,0.2988,Caenorhabditis
809,26.4063,1147,0.3653,50.1308,575,101,101,0.3919,Caenorhabditis
810,26.4481,1147,0.3662,60.3313,692,103,100,0.3697,Caenorhabditis
811,211.8696,1074,0.5242,100,1074,606,606,0.5298,Caenorhabditis
812,91.2255,1131,0.405,100,1131,351,348,0.4032,Caenorhabditis
813,0.2733,1094,0.4525,25.1371,275,1,1,0.4033,Caenorhabditis
814,194.6648,1092,0.3043,100,1092,748,763,0.3183,Caenorhabditis
815,296.0757,1030,0.4179,100,1030,967,975,0.452,Caenorhabditis
816,188.2236,1087,0.4042,100,1087,707,681,0.396,Caenorhabditis
817,164.4848,1083,0.3747,100,1083,628,616,0.3668,Caenorhabditis
818,0.4459,1081,0.3682,22.2942,241,2,0,0.39,Caenorhabditis
819,557.2852,1073,0.4545,100,1073,2024,2043,0.4602,Caenorhabditis
820,87.2295,1072,0.3853,100,1072,321,315,0.3743,Caenorhabditis
821,82.1962,1065,0.5089,100,1065,296,296,0.4853,Caenorhabditis
822,130.947,1056,0.375,99.6212,1052,461,461,0.366,Caenorhabditis