ID,Avg_fold,Length,Ref_GC,Covered_percent,Read_GC,RNA_Avg_fold,RNA_Covered_percent,RNA_Read_GC,Origin
0,111.1066,1653335,0.3537,99.9183,0.3546,51.1802,0.339979496,0.4124,Caenorhabditis
1,108.2375,1279031,0.3443,99.9984,0.3446,31.6753,0.207794807,0.4325,Caenorhabditis
2,103.2664,1270721,0.3493,99.9633,0.3497,49.8233,0.333553943,0.4109,Caenorhabditis
3,103.9921,1182559,0.3474,99.8346,0.3476,32.2659,0.218172624,0.4307,Caenorhabditis
4,109.1782,1010129,0.3574,100,0.3577,30.1581,0.225273208,0.4382,Caenorhabditis
5,106.6465,930536,0.3505,99.9992,0.3505,37.1767,0.199905216,0.4341,Caenorhabditis
6,104.5154,922621,0.3482,99.9111,0.3484,54.4215,0.257125082,0.4266,Caenorhabditis
7,320.5454,900093,0.3588,99.9938,0.3592,49.5229,0.20959612,0.4618,Caenorhabditis
8,122.3059,776960,0.3484,99.9852,0.3498,43.6056,0.217439765,0.4305,Caenorhabditis
9,116.5335,753983,0.3486,100,0.3495,42.0237,0.257030994,0.4273,Caenorhabditis
10,114.8985,717237,0.347,99.8026,0.3535,52.3029,0.303757335,0.4081,Caenorhabditis
11,104.841,705009,0.3569,99.9999,0.3571,35.5515,0.242001166,0.4431,Caenorhabditis
12,221.2238,679812,0.3569,99.9996,0.3597,37.8611,0.231780257,0.4575,Caenorhabditis
13,117.9124,678501,0.3684,100,0.3687,48.1274,0.239041652,0.4729,Caenorhabditis
14,108.0333,678231,0.3557,100,0.3564,40.8097,0.260455509,0.4312,Caenorhabditis
15,109.5225,656088,0.3463,99.7929,0.3489,65.1269,0.326936326,0.4091,Caenorhabditis
16,105.9756,655272,0.3531,99.9138,0.3548,40.6654,0.34357183,0.4187,Caenorhabditis
17,104.6489,627194,0.3482,99.8567,0.3483,54.4165,0.351305976,0.4071,Caenorhabditis
18,117.7885,603180,0.3578,100,0.358,43.3522,0.381856162,0.4233,Caenorhabditis
19,118.1821,586941,0.3606,100,0.3607,47.3197,0.257369991,0.4355,Caenorhabditis
20,255.5208,584988,0.3508,100,0.351,44.6746,0.179537016,0.4589,Caenorhabditis
21,108.8728,582198,0.3599,99.9401,0.3602,51.1195,0.294076929,0.4393,Caenorhabditis
22,111.4765,580858,0.3477,100,0.349,46.5892,0.267461238,0.405,Caenorhabditis
23,103.8142,580109,0.3442,99.9259,0.3445,43.037,0.337402109,0.4034,Caenorhabditis
24,230.9501,573779,0.3587,100,0.3624,44.7056,0.217752828,0.4314,Caenorhabditis
25,103.0653,552422,0.3569,99.7806,0.3573,40.424,0.311953543,0.431,Caenorhabditis
26,173.1785,522210,0.3642,99.9998,0.3639,30.1907,0.257626242,0.4247,Caenorhabditis
27,109.0721,514022,0.3549,100,0.3555,52.4174,0.369641766,0.423,Caenorhabditis
28,115.8395,504665,0.3603,100,0.3592,39.206,0.317719675,0.4253,Caenorhabditis
29,129.978,499547,0.3462,99.9998,0.3465,43.3908,0.376012667,0.3997,Caenorhabditis
30,120.0276,496438,0.3478,100,0.3463,41.3812,0.264415697,0.4248,Caenorhabditis
31,103.3193,495371,0.3538,100,0.3536,53.2247,0.324540597,0.4216,Caenorhabditis
32,105.7407,485905,0.3493,100,0.35,60.2209,0.337368416,0.4239,Caenorhabditis
33,130.6874,475681,0.3345,100,0.3364,86.4714,0.230942585,0.4147,Caenorhabditis
34,103.5201,469042,0.3628,100,0.3634,43.3315,0.332857185,0.4288,Caenorhabditis
35,187.8556,466141,0.3531,99.9734,0.3536,45.4032,0.229645107,0.4614,Caenorhabditis
36,104.8343,464071,0.3397,100,0.3398,58.3883,0.322136052,0.4094,Caenorhabditis
37,116.3786,463806,0.3441,99.9996,0.3447,41.0173,0.358716791,0.4044,Caenorhabditis
38,136.7803,463930,0.3474,100,0.3504,61.9901,0.293953829,0.4235,Caenorhabditis
39,100.9072,453607,0.3585,99.4949,0.3585,30.5498,0.208923143,0.4443,Caenorhabditis
40,113.2158,449540,0.3623,99.9969,0.3622,43.8385,0.268663523,0.4632,Caenorhabditis
41,119.4529,445016,0.354,99.9998,0.3542,41.5522,0.303261006,0.4204,Caenorhabditis
42,50.1928,444006,0.332,99.998,0.3328,16.0112,0.61569213,0.3545,Candida
43,104.4652,440387,0.3454,99.8022,0.3461,34.8117,0.330529739,0.407,Caenorhabditis
44,109.1505,433261,0.3533,99.9995,0.3532,38.8825,0.307823691,0.4083,Caenorhabditis
45,272.1881,432838,0.3751,100,0.3745,34.5991,0.222013779,0.4872,Caenorhabditis
46,173.7598,431327,0.3522,100,0.3529,77.225,0.239046014,0.4564,Caenorhabditis
47,225.7053,422884,0.3562,100,0.3523,47.4492,0.248739607,0.4389,Caenorhabditis
48,104.7307,421453,0.3647,99.9995,0.3654,53.3592,0.33688454,0.445,Caenorhabditis
49,654.7941,420298,0.3632,99.999,0.3637,53.2665,0.195044944,0.4685,Caenorhabditis
50,103.2223,413161,0.3456,99.696,0.347,92.5785,0.184046897,0.4519,Caenorhabditis
51,103.763,410631,0.3506,100,0.3518,33.3054,0.238705797,0.4401,Caenorhabditis
52,120.7078,411553,0.3506,99.9684,0.348,32.7654,0.283810348,0.4204,Caenorhabditis
53,151.2778,410652,0.354,99.9998,0.3549,43.2655,0.256869564,0.4592,Caenorhabditis
54,183.9787,410237,0.3605,100,0.3615,76.1325,0.16750805,0.45,Caenorhabditis
55,308.5734,404256,0.3587,99.8182,0.3585,36.0633,0.206606705,0.4432,Caenorhabditis
56,448.7162,401663,0.3535,99.998,0.3522,72.5255,0.172448047,0.437,Caenorhabditis
57,106.8895,395107,0.3481,99.8803,0.3494,64.509,0.315468974,0.4195,Caenorhabditis
58,127.6401,394612,0.3552,99.5416,0.3557,35.3254,0.270270544,0.4371,Caenorhabditis
59,119.9817,389161,0.3573,99.9992,0.3572,37.3664,0.260406361,0.4265,Caenorhabditis
60,107.9923,384579,0.3431,99.968,0.3434,69.5787,0.309374667,0.4071,Caenorhabditis
61,120.5007,376189,0.341,99.9992,0.3444,61.5881,0.314294145,0.4204,Caenorhabditis
62,131.3016,372974,0.3495,99.6059,0.3497,37.7479,0.333143865,0.418,Caenorhabditis
63,155.4693,368903,0.3554,100,0.3558,47.8069,0.178732621,0.4625,Caenorhabditis
64,110.9059,368760,0.3594,100,0.3617,70.8057,0.203343638,0.4426,Caenorhabditis
65,100.4272,368389,0.3547,99.9992,0.3551,32.605,0.24012932,0.4363,Caenorhabditis
66,279.5118,368315,0.3544,100,0.3544,40.7493,0.230797008,0.4281,Caenorhabditis
67,162.9867,366237,0.3556,99.9424,0.3538,34.3323,0.306790412,0.4019,Caenorhabditis
68,103.3781,364604,0.3588,99.1273,0.3589,42.5726,0.376907549,0.4146,Caenorhabditis
69,101.6891,359946,0.3502,99.9994,0.3501,37.118,0.306290388,0.4043,Caenorhabditis
70,139.3127,354608,0.3588,100,0.3593,63.4523,0.268623381,0.4462,Caenorhabditis
71,99.7795,349646,0.3556,99.3396,0.356,35.2798,0.326238538,0.4192,Caenorhabditis
72,109.9808,342769,0.3519,100,0.3519,51.6096,0.291187359,0.4167,Caenorhabditis
73,101.71,342095,0.3512,100,0.3521,31.8338,0.262766191,0.4258,Caenorhabditis
74,268.4422,341235,0.3567,100,0.3564,71.3344,0.208132226,0.4718,Caenorhabditis
75,46.1951,345134,0.3445,100,0.3443,13.7257,0.651147091,0.3654,Candida
76,141.0291,338537,0.3575,99.9994,0.3622,28.3822,0.351314627,0.4015,Caenorhabditis
77,102.0194,333559,0.3535,100,0.3549,69.9645,0.327231464,0.4337,Caenorhabditis
78,103.6535,332428,0.3441,99.9982,0.3445,48.1619,0.364563154,0.3991,Caenorhabditis
79,108.3078,332298,0.3584,99.7596,0.3589,82.1217,0.316487009,0.4395,Caenorhabditis
80,107.7402,331130,0.3563,100,0.3576,54.9775,0.336025126,0.4137,Caenorhabditis
81,101.4298,325620,0.3386,99.3299,0.3384,45.8735,0.259256188,0.4023,Caenorhabditis
82,102.8959,325380,0.3497,100,0.35,39.9618,0.384657938,0.4106,Caenorhabditis
83,128.8331,322002,0.3493,100,0.349,47.3526,0.24029975,0.4413,Caenorhabditis
84,103.1545,320519,0.344,100,0.3439,28.628,0.346400681,0.3979,Caenorhabditis
85,104.1626,319359,0.3598,99.9994,0.3604,79.7114,0.301619807,0.4806,Caenorhabditis
86,103.2523,320089,0.3415,99.9909,0.3413,99.2273,0.288079253,0.4148,Caenorhabditis
87,106.5531,313285,0.3552,100,0.3552,30.4482,0.143667906,0.4755,Caenorhabditis
88,442.0227,314427,0.3427,100,0.3451,66.2317,0.127587644,0.4692,Caenorhabditis
89,148.3655,312792,0.364,100,0.364,60.6776,0.271017162,0.4459,Caenorhabditis
90,114.3547,312419,0.3796,100,0.3793,32.3688,0.267304485,0.4604,Caenorhabditis
91,263.7853,312794,0.3626,100,0.3653,42.6873,0.154465879,0.4688,Caenorhabditis
92,40.8547,311113,0.3392,99.3253,0.3396,12.6335,0.605873107,0.3569,Candida
93,99.3454,310645,0.3516,99.1637,0.352,46.9575,0.378280674,0.4099,Caenorhabditis
94,104.4112,307235,0.3348,100,0.3353,37.0028,0.256897814,0.4119,Caenorhabditis
95,149.0079,306414,0.3633,99.3692,0.3646,45.0726,0.20319894,0.4557,Caenorhabditis
96,101.8054,306407,0.35,100,0.3504,38.5323,0.263453511,0.4105,Caenorhabditis
97,249.397,307324,0.3504,100,0.3496,43.3867,0.174730903,0.4516,Caenorhabditis
98,110.3074,305949,0.3573,99.8147,0.358,37.3612,0.279180517,0.4336,Caenorhabditis
99,137.0828,305310,0.3676,99.8975,0.3704,69.9431,0.312967148,0.468,Caenorhabditis
100,102.2206,304205,0.3464,100,0.3477,44.4229,0.307582058,0.4051,Caenorhabditis
101,101.8564,303616,0.3497,99.9993,0.3505,53.3013,0.369717011,0.4175,Caenorhabditis
102,110.201,302961,0.3564,100,0.3562,38.5296,0.308802123,0.4227,Caenorhabditis
103,126.2755,302616,0.3545,100,0.363,46.9846,0.36231726,0.4234,Caenorhabditis
104,115.9778,299117,0.3594,99.9502,0.3646,67.6912,0.388670654,0.4127,Caenorhabditis
105,118.031,298654,0.3104,99.695,0.3128,35.4683,0.093908001,0.4603,Caenorhabditis
106,126.943,295225,0.3436,99.9915,0.3438,55.2139,0.168613769,0.4513,Caenorhabditis
107,106.6659,294737,0.3299,99.9986,0.3308,62.0776,0.196761859,0.4561,Caenorhabditis
108,103.2089,293571,0.315,99.7868,0.3157,48.2524,0.159290257,0.4194,Caenorhabditis
109,107.2716,291964,0.3726,100,0.3725,101.3789,0.262734447,0.4636,Caenorhabditis
110,396.5768,292975,0.362,100,0.3637,38.2096,0.144240976,0.4853,Caenorhabditis
111,41.1666,289194,0.3204,99.9827,0.3213,11.8572,0.584607564,0.3372,Candida
112,110.0348,286854,0.3597,100,0.3598,40.8426,0.298597893,0.4381,Caenorhabditis
113,104.6236,286701,0.3528,100,0.3537,41.661,0.425052581,0.4027,Caenorhabditis
114,102.0735,285094,0.3474,99.9993,0.3481,72.6648,0.312360134,0.4207,Caenorhabditis
115,132.1947,283267,0.3601,100,0.3598,103.8784,0.279248907,0.4348,Caenorhabditis
116,109.607,281726,0.3331,99.9851,0.3345,60.6951,0.192204482,0.4309,Caenorhabditis
117,143.291,283571,0.3608,99.9986,0.3613,52.4857,0.194346389,0.4854,Caenorhabditis
118,109.4393,282022,0.355,100,0.3552,85.9679,0.34362922,0.4206,Caenorhabditis
119,110.8636,276524,0.3585,100,0.3577,28.7536,0.277921627,0.4245,Caenorhabditis
120,101.6393,273933,0.3637,99.9971,0.364,46.2925,0.359642686,0.4328,Caenorhabditis
121,112.5947,273899,0.37,100,0.3701,36.3833,0.303184751,0.4461,Caenorhabditis
122,106.431,273569,0.343,99.9989,0.3432,28.0283,0.329829038,0.3972,Caenorhabditis
123,112.922,275703,0.3519,99.4897,0.3523,135.7591,0.208104373,0.4742,Caenorhabditis
124,45.1675,275081,0.3184,100,0.3195,12.3863,0.621529659,0.3351,Candida
125,40.4113,274051,0.3364,99.9931,0.3371,12.3248,0.588273715,0.3569,Candida
126,103.7556,271631,0.3513,100,0.3518,29.3997,0.202907621,0.4416,Caenorhabditis
127,41.3352,271640,0.3436,100,0.3449,13.2498,0.645372552,0.3639,Candida
128,40.2105,267916,0.3404,99.9903,0.341,12.8759,0.630895505,0.3617,Candida
129,103.2634,267376,0.3573,99.9981,0.3582,34.1345,0.26524445,0.4383,Caenorhabditis
130,152.8099,267302,0.3557,100,0.3563,53.8053,0.191928979,0.4742,Caenorhabditis
131,108.692,268254,0.3637,100,0.3643,59.0797,0.295753279,0.4267,Caenorhabditis
132,43.4996,269587,0.3372,99.9165,0.3377,12.6893,0.622589368,0.3568,Candida
133,607.3448,263053,0.3623,100,0.3653,44.3433,0.243099299,0.4445,Caenorhabditis
134,137.2291,263242,0.3477,100,0.349,38.6485,0.234381292,0.4416,Caenorhabditis
135,41.9387,263170,0.3214,99.9951,0.3219,12.0287,0.599335031,0.3386,Candida
136,108.9717,261600,0.3763,100,0.3765,27.4345,0.339006116,0.4352,Caenorhabditis
137,132.3197,257861,0.367,99.9988,0.3644,42.6306,0.209197979,0.4748,Caenorhabditis
138,133.9144,257583,0.3594,100,0.3612,38.1017,0.324582756,0.4262,Caenorhabditis
139,1749.9476,255681,0.332,99.9335,0.3353,40.9474,0.178980839,0.4437,Caenorhabditis
140,47.492,253669,0.3262,100,0.3268,13.0191,0.624739326,0.3422,Candida
141,45.4287,252696,0.3257,99.9976,0.3261,14.9279,0.612380093,0.3457,Candida
142,157.7698,249900,0.3505,100,0.3508,20.6188,0.175814326,0.4385,Caenorhabditis
143,131.4522,245224,0.3481,99.7786,0.3482,24.2008,0.175194924,0.4408,Caenorhabditis
144,105.8969,241554,0.3553,99.6113,0.3572,23.3553,0.164153771,0.4583,Caenorhabditis
145,112.5735,240951,0.343,100,0.3438,32.68,0.210768995,0.426,Caenorhabditis
146,158.9293,239886,0.3511,100,0.3519,29.9012,0.187647466,0.4279,Caenorhabditis
147,74.7037,239821,0.3299,100,0.3298,36.0224,0.567702578,0.3481,Candida
148,174.7118,239481,0.3212,100,0.3237,48.9371,0.158388348,0.43,Caenorhabditis
149,164.8758,236355,0.3291,99.9996,0.3289,53.9533,0.21644137,0.435,Caenorhabditis
150,40.186,236377,0.3325,100,0.3332,12.8409,0.626575344,0.3506,Candida
151,203.298,234870,0.3582,100,0.3591,123.8037,0.237693192,0.4829,Caenorhabditis
152,107.3122,231842,0.3496,100,0.3497,44.1995,0.341676659,0.4097,Caenorhabditis
153,105.6945,229713,0.3507,100,0.3509,88.6731,0.344412375,0.4354,Caenorhabditis
154,154.5496,227889,0.3617,99.9996,0.3618,39.3883,0.354576131,0.4259,Caenorhabditis
155,136.5745,230201,0.3629,100,0.3644,28.9971,0.193743728,0.4423,Caenorhabditis
156,104.9165,228888,0.3825,99.9996,0.3829,59.3534,0.384384502,0.4501,Caenorhabditis
157,152.5473,225804,0.3667,100,0.3674,70.9312,0.207006962,0.4769,Caenorhabditis
158,100.7755,224099,0.3536,99.8786,0.3541,81.5191,0.316882271,0.4216,Caenorhabditis
159,60.1921,223127,0.315,99.8839,0.3163,17.3844,0.647604279,0.3245,Candida
160,284.4497,227543,0.3542,100,0.3552,61.875,0.172244367,0.4829,Caenorhabditis
161,172.5172,222792,0.336,99.9996,0.3368,45.8601,0.241435958,0.4184,Caenorhabditis
162,155.5464,222285,0.3506,99.9649,0.3512,35.4624,0.317965675,0.4129,Caenorhabditis
163,104.8752,221608,0.352,100,0.3534,32.4062,0.31265568,0.4132,Caenorhabditis
164,99.8527,221516,0.3574,99.9964,0.3582,49.8573,0.351342567,0.4284,Caenorhabditis
165,309.2857,221051,0.3637,100,0.3632,49.4895,0.221926162,0.4837,Caenorhabditis
166,168.6635,220846,0.3574,100,0.3586,34.6745,0.215100115,0.4454,Caenorhabditis
167,142.5768,218521,0.3533,100,0.3552,66.3424,0.284096265,0.4314,Caenorhabditis
168,45.1872,220006,0.3375,100,0.338,12.5576,0.618619492,0.3553,Candida
169,40.7675,217182,0.3452,100,0.3466,14.6902,0.708502546,0.3611,Candida
170,108.7178,217121,0.3535,100,0.3533,35.1586,0.367076423,0.412,Caenorhabditis
171,175.2842,217601,0.3439,99.9982,0.3414,86.369,0.238588058,0.4181,Caenorhabditis
172,101.7215,215889,0.3368,100,0.3379,36.3297,0.276280867,0.4068,Caenorhabditis
173,160.2554,213385,0.3556,99.9944,0.3558,44.6166,0.232139091,0.4498,Caenorhabditis
174,102.7226,211599,0.3524,99.534,0.3518,22.2945,0.229240214,0.4214,Caenorhabditis
175,103.2861,208784,0.3575,99.0636,0.3584,69.7692,0.298629205,0.428,Caenorhabditis
176,177.1137,208799,0.3409,99.9995,0.3427,39.7075,0.189699184,0.4226,Caenorhabditis
177,115.1102,205677,0.361,99.3918,0.3614,56.2068,0.292735697,0.441,Caenorhabditis
178,103.8499,204848,0.3464,100,0.3472,28.9549,0.181602945,0.4292,Caenorhabditis
179,115.1369,201908,0.3508,99.9643,0.3509,47.7365,0.30712998,0.4174,Caenorhabditis
180,226.2768,200962,0.3934,100,0.3929,63.0013,0.155263184,0.5015,Caenorhabditis
181,106.5319,200461,0.3503,99.9945,0.35,24.0421,0.143160016,0.4573,Caenorhabditis
182,107.5987,199106,0.3544,99.998,0.3593,30.7726,0.333756893,0.4121,Caenorhabditis
183,100.2145,197417,0.363,99.7969,0.3634,44.6703,0.374795484,0.4229,Caenorhabditis
184,137.9762,199082,0.3608,100,0.3596,31.6978,0.324655167,0.4035,Caenorhabditis
185,40.5522,197188,0.3317,100,0.3324,13.2389,0.6689758,0.3458,Candida
186,115.0805,195371,0.3743,100,0.3777,40.2202,0.390723291,0.4459,Caenorhabditis
187,106.601,195240,0.3575,100,0.3582,28.4393,0.237277197,0.4491,Caenorhabditis
188,182.9559,195260,0.3622,100,0.3612,33.3868,0.190366691,0.4618,Caenorhabditis
189,115.4886,194133,0.3584,99.9995,0.3597,42.1635,0.213348581,0.4558,Caenorhabditis
190,100.1285,190766,0.3505,99.936,0.3513,47.3327,0.321865532,0.4132,Caenorhabditis
191,42.4435,193613,0.3478,100,0.3487,13.227,0.639822739,0.3709,Candida
192,101.3313,190526,0.3529,100,0.3525,66.5596,0.364595908,0.4102,Caenorhabditis
193,185.064,190170,0.3555,99.9989,0.3558,38.9526,0.151706368,0.4771,Caenorhabditis
194,21.2538,188167,0.3404,99.983,0.3406,6.3993,0.608549852,0.364,Candida
195,110.1345,187621,0.3763,99.4729,0.3766,40.1567,0.411265263,0.4184,Caenorhabditis
196,41.0325,188701,0.3255,99.3031,0.3264,14.6711,0.685089109,0.3373,Candida
197,122.6846,186185,0.352,99.9989,0.3522,52.7111,0.205811424,0.4508,Caenorhabditis
198,103.664,184409,0.3818,98.9155,0.3814,28.9384,0.198623711,0.4706,Caenorhabditis
199,107.9913,182971,0.3513,100,0.3509,55.7049,0.319575233,0.4241,Caenorhabditis
200,182.5593,182609,0.3721,100,0.3703,52.1093,0.173824948,0.4548,Caenorhabditis
201,40.1799,183721,0.3334,100,0.3339,12.921,0.632758367,0.3559,Candida
202,107.2973,179777,0.355,100,0.3543,82.7675,0.195764753,0.4521,Caenorhabditis
203,148.9914,179021,0.3467,100,0.3417,28.6636,0.369867222,0.3919,Caenorhabditis
204,109.8032,182073,0.3469,100,0.3468,37.6465,0.284358472,0.4279,Caenorhabditis
205,136.7657,178836,0.3919,99.9754,0.3943,36.8338,0.309646827,0.4648,Caenorhabditis
206,128.1041,177804,0.3513,99.9623,0.3527,43.2921,0.218701492,0.4426,Caenorhabditis
207,101.9132,177428,0.37,100,0.3693,61.8825,0.292552472,0.4388,Caenorhabditis
208,203.7254,176689,0.3567,100,0.3574,51.7843,0.199044649,0.4624,Caenorhabditis
209,46.4304,180833,0.3353,98.0778,0.3372,12.3428,0.603910791,0.3614,Candida
210,101.2822,175753,0.3712,99.9653,0.3712,39.4253,0.230209442,0.4621,Caenorhabditis
211,99.6558,175644,0.3422,99.8429,0.3424,79.4492,0.212099474,0.457,Caenorhabditis
212,114.1681,175254,0.3238,99.9977,0.3246,34.0535,0.134752987,0.4594,Caenorhabditis
213,43.9761,176783,0.3372,100,0.3388,11.859,0.547784572,0.354,Candida
214,37.3722,174682,0.3556,99.9788,0.3551,13.4899,0.685182217,0.3796,Candida
215,125.1752,179363,0.3595,99.2747,0.3601,36.8571,0.186197822,0.459,Caenorhabditis
216,128.9682,174713,0.3633,100,0.3625,32.9026,0.247285548,0.4317,Caenorhabditis
217,111.6783,174075,0.3525,99.9989,0.3507,36.1697,0.306321988,0.4183,Caenorhabditis
218,108.6858,173329,0.3721,100,0.3781,76.4124,0.30084406,0.4512,Caenorhabditis
219,104.5176,170281,0.3555,99.9994,0.3556,45.4878,0.358683588,0.4278,Caenorhabditis
220,167.749,169964,0.3612,99.9994,0.3606,28.2955,0.210603422,0.4308,Caenorhabditis
221,128.2219,169296,0.3584,99.9953,0.3572,75.5406,0.267182922,0.4596,Caenorhabditis
222,41.0811,170177,0.3154,100,0.3166,20.4143,0.635832104,0.3277,Candida
223,157.4548,168684,0.331,100,0.3324,18.5848,0.054261222,0.442,Caenorhabditis
224,22.2274,166644,0.3535,100,0.3547,8.0027,0.683931015,0.3735,Candida
225,102.0024,164392,0.3509,99.4969,0.3522,43.3443,0.331646309,0.4148,Caenorhabditis
226,114.6697,163655,0.327,100,0.328,59.5991,0.219932174,0.4597,Caenorhabditis
227,191.772,162351,0.369,100,0.3685,39.5185,0.179031851,0.4686,Caenorhabditis
228,176.894,160964,0.3672,100,0.3688,49.6243,0.189980368,0.4707,Caenorhabditis
229,137.6502,159622,0.3701,99.9987,0.3701,26.7498,0.312607285,0.4335,Caenorhabditis
230,128.326,159556,0.3435,99.9843,0.3445,39.6089,0.210860137,0.434,Caenorhabditis
231,106.0486,158630,0.3341,99.9987,0.3359,38.6727,0.200214335,0.4359,Caenorhabditis
232,103.3082,156970,0.389,98.9864,0.3891,31.6402,0.209269287,0.4855,Caenorhabditis
233,148.0116,158597,0.3705,100,0.371,31.8744,0.248907609,0.4743,Caenorhabditis
234,194.8292,156573,0.3447,99.9994,0.3462,45.1242,0.112254348,0.4352,Caenorhabditis
235,40.2982,158912,0.3322,100,0.3331,10.5114,0.510188029,0.3571,Candida
236,163.0608,156854,0.3579,100,0.3578,58.9854,0.127226593,0.4692,Caenorhabditis
237,112.7452,156289,0.36,100,0.3605,45.5302,0.365643135,0.4155,Caenorhabditis
238,206.1037,154434,0.3551,100,0.3549,73.1771,0.147674735,0.5322,Caenorhabditis
239,195.1117,152963,0.3332,100,0.3307,38.9731,0.196727313,0.4417,Caenorhabditis
240,41.0624,154193,0.3227,100,0.3221,12.6094,0.627337168,0.3362,Candida
241,122.8156,154032,0.3627,100,0.3713,35.697,0.185026488,0.4443,Caenorhabditis
242,123.2715,156898,0.3861,99.9994,0.3849,34.2973,0.420304911,0.4141,Caenorhabditis
243,105.0912,154370,0.3692,100,0.3705,55.2585,0.349161106,0.4346,Caenorhabditis
244,40.4466,152812,0.3452,99.6283,0.3463,12.6858,0.618910819,0.3676,Candida
245,109.8139,151409,0.3773,100,0.3767,36.3601,0.25662279,0.4678,Caenorhabditis
246,100.0838,150588,0.358,100,0.3596,41.0368,0.262577363,0.4259,Caenorhabditis
247,99.5191,150208,0.3505,99.3722,0.3508,23.9903,0.26866079,0.4151,Caenorhabditis
248,134.3013,148098,0.3656,100,0.3646,45.6216,0.234857999,0.4718,Caenorhabditis
249,102.4096,149126,0.3533,100,0.3544,19.4997,0.196525086,0.4333,Caenorhabditis
250,117.6098,149129,0.3567,100,0.357,49.9918,0.422647507,0.423,Caenorhabditis
251,265.7681,150624,0.3428,98.9776,0.3426,42.279,0.21574915,0.452,Caenorhabditis
252,117.9714,149025,0.3685,100,0.3679,129.7912,0.323992619,0.4525,Caenorhabditis
253,41.745,147874,0.3469,99.9696,0.3474,14.3105,0.629563006,0.3688,Candida
254,119.5976,147527,0.3762,100,0.3734,44.8541,0.25015082,0.4858,Caenorhabditis
255,100.4198,147409,0.3547,99.9986,0.3554,64.7171,0.354428834,0.4172,Caenorhabditis
256,41.1189,147153,0.3461,100,0.346,13.5637,0.659334162,0.3702,Candida
257,147.4822,146666,0.352,99.998,0.3533,37.2643,0.345915209,0.4066,Caenorhabditis
258,106.7323,146673,0.3782,99.6448,0.3799,36.1639,0.289262509,0.463,Caenorhabditis
259,112.1409,144973,0.3619,100,0.3641,31.2152,0.234388472,0.4284,Caenorhabditis
260,42.4999,144587,0.3288,99.9993,0.3296,11.7095,0.572056962,0.3507,Candida
261,126.847,143888,0.3514,100,0.3558,90.467,0.282907539,0.4319,Caenorhabditis
262,150.292,140071,0.3506,99.9986,0.3515,84.2678,0.141021339,0.4913,Caenorhabditis
263,103.462,138921,0.3515,99.9986,0.3518,23.4711,0.093635951,0.4971,Caenorhabditis
264,112.7728,138611,0.3647,100,0.3648,50.0906,0.224744068,0.4638,Caenorhabditis
265,130.8659,138432,0.3786,100,0.3809,45.7931,0.236585472,0.4666,Caenorhabditis
266,108.8821,137109,0.3868,99.0533,0.3874,27.6779,0.22114522,0.4676,Caenorhabditis
267,42.0683,136819,0.3346,100,0.3351,12.7736,0.619014903,0.3517,Candida
268,102.8336,137156,0.3307,100,0.3316,27.1231,0.283399924,0.4015,Caenorhabditis
269,119.4566,135922,0.3735,99.9154,0.3715,27.9353,0.34483748,0.4282,Caenorhabditis
270,221.5668,135856,0.3688,100,0.3642,53.7366,0.181810152,0.4733,Caenorhabditis
271,398.948,135624,0.3614,99.8894,0.3615,69.8587,0.202154486,0.4707,Caenorhabditis
272,133.8654,135458,0.363,100,0.3648,35.7071,0.222275539,0.4697,Caenorhabditis
273,136.3531,135437,0.3865,100,0.3863,89.2711,0.290880631,0.4843,Caenorhabditis
274,113.0679,135040,0.3304,99.7297,0.3351,37.9374,0.179776363,0.431,Caenorhabditis
275,101.3197,134341,0.3454,99.8191,0.3457,31.6773,0.26892758,0.4103,Caenorhabditis
276,43.4949,135883,0.3253,100,0.3262,14.7026,0.611165488,0.3443,Candida
277,103.5261,133968,0.3608,99.9985,0.3625,59.6125,0.335505494,0.4313,Caenorhabditis
278,20.021,133911,0.3223,100,0.3227,5.8632,0.583977418,0.3382,Candida
279,24.6081,133097,0.3174,98.5033,0.3241,6.8349,0.514391759,0.3415,Candida
280,375.455,133562,0.3516,100,0.3501,59.8983,0.222218895,0.4977,Caenorhabditis
281,100.3139,132100,0.3553,99.9985,0.3561,84.1195,0.302339137,0.4214,Caenorhabditis
282,43.2493,132763,0.3458,99.9992,0.346,13.3825,0.651717723,0.3623,Candida
283,22.3911,130281,0.3259,100,0.327,5.8898,0.567864846,0.3418,Candida
284,106.4632,130056,0.3512,100,0.3594,22.8146,0.183321031,0.4511,Caenorhabditis
285,99.604,129359,0.3422,100,0.3428,26.5747,0.198780139,0.4282,Caenorhabditis
286,115.3458,128096,0.3066,99.5074,0.3062,7.3213,0.055825319,0.4621,Caenorhabditis
287,104.5917,127384,0.3487,100,0.3486,30.1203,0.301521384,0.421,Caenorhabditis
288,100.613,127101,0.3541,100,0.354,36.8418,0.223523025,0.4523,Caenorhabditis
289,41.036,126927,0.3248,99.985,0.325,13.8554,0.664815209,0.3447,Candida
290,111.3833,126956,0.3521,99.9882,0.3494,37.5325,0.22406188,0.4504,Caenorhabditis
291,116.1584,128224,0.3683,100,0.3657,32.4879,0.320696593,0.4328,Caenorhabditis
292,21.2589,126095,0.3405,99.8517,0.3429,7.1583,0.606550617,0.3665,Candida
293,39.7696,125914,0.379,99.4973,0.3794,15.5289,0.723041123,0.3992,Candida
294,103.1633,125423,0.3479,98.9396,0.3484,27.0994,0.256771087,0.4182,Caenorhabditis
295,118.7868,125266,0.3437,97.2339,0.343,18.4934,0.148284451,0.4216,Caenorhabditis
296,100.6055,122847,0.3598,99.9853,0.3606,46.3054,0.374530921,0.428,Caenorhabditis
297,101.4788,122005,0.3627,98.9582,0.3644,24.5021,0.242957256,0.4189,Caenorhabditis
298,40.246,121553,0.3381,99.0597,0.3379,11.595,0.561253116,0.3644,Candida
299,115.5891,121653,0.3742,99.0325,0.3762,27.401,0.311443203,0.4197,Caenorhabditis
300,107.1527,119507,0.3535,99.3975,0.354,48.7692,0.24763403,0.4343,Caenorhabditis
301,105.1462,119208,0.3709,99.9983,0.3724,31.9171,0.26205456,0.4499,Caenorhabditis
302,112.5661,118948,0.3816,99.9992,0.3805,30.1724,0.318727511,0.4383,Caenorhabditis
303,121.6693,118424,0.3573,99.989,0.354,34.6756,0.298655678,0.4171,Caenorhabditis
304,112.1728,117836,0.3652,99.9983,0.3626,49.4058,0.354704844,0.4452,Caenorhabditis
305,104.1211,118456,0.353,100,0.3522,34.6926,0.310267103,0.4348,Caenorhabditis
306,109.6091,118056,0.3456,100,0.3455,36.6578,0.302949448,0.411,Caenorhabditis
307,41.8493,117560,0.3168,99.7899,0.3176,12.0871,0.625714529,0.3313,Candida
308,137.6371,116250,0.3591,99.7738,0.3564,47.2312,0.223741935,0.4467,Caenorhabditis
309,40.4362,117643,0.3698,99.7152,0.3706,14.8007,0.707861921,0.3925,Candida
310,39.2116,117406,0.3235,98.4635,0.3234,12.566,0.623571197,0.3353,Candida
311,112.4504,117034,0.3685,100,0.3676,36.369,0.296178888,0.4654,Caenorhabditis
312,103.2858,116774,0.3745,100,0.3735,54.6672,0.259201535,0.4712,Caenorhabditis
313,101.3098,115542,0.3576,100,0.3586,40.6369,0.427619394,0.4207,Caenorhabditis
314,53.8701,117298,0.3351,99.8321,0.3364,15.5489,0.588373203,0.358,Candida
315,102.3653,114631,0.36,100,0.359,52.7169,0.327389624,0.4584,Caenorhabditis
316,119.0015,116174,0.3626,100,0.3647,43.8571,0.186702705,0.4779,Caenorhabditis
317,110.6977,113100,0.3525,99.9982,0.3588,61.9434,0.404323607,0.4123,Caenorhabditis
318,109.1939,112891,0.3632,100,0.3673,101.3651,0.391226936,0.4262,Caenorhabditis
319,98.9759,112679,0.3592,98.5312,0.3569,43.5883,0.32132873,0.4285,Caenorhabditis
320,150.9675,112420,0.3682,100,0.3704,104.7895,0.386203523,0.4348,Caenorhabditis
321,153.5112,115194,0.3859,100,0.3863,34.1029,0.380011112,0.4238,Caenorhabditis
322,109.7715,111670,0.3609,100,0.3593,31.8715,0.238936151,0.4582,Caenorhabditis
323,102.8148,111570,0.3691,100,0.3689,25.3995,0.283777001,0.3981,Caenorhabditis
324,37.5722,114067,0.3425,99.9518,0.3425,11.7089,0.61239447,0.3615,Candida
325,106.767,111218,0.3667,99.9991,0.3688,51.9735,0.240455682,0.4471,Caenorhabditis
326,40.7885,111149,0.3539,100,0.3545,14.1562,0.680653897,0.3769,Candida
327,161.4499,111998,0.3418,99.9982,0.34,25.0976,0.165601171,0.4274,Caenorhabditis
328,120.1613,110570,0.3873,98.5059,0.3864,131.0191,0.310274035,0.4848,Caenorhabditis
329,20.2129,109771,0.3744,100,0.3745,7.7467,0.74587095,0.3926,Candida
330,801.1326,113303,0.3581,99.9832,0.35,19.9976,0.227231406,0.4122,Caenorhabditis
331,108.3202,108554,0.3224,99.9991,0.3235,31.8942,0.169786466,0.4612,Caenorhabditis
332,101.4469,107762,0.3552,99.9991,0.3555,123.3967,0.278994451,0.4352,Caenorhabditis
333,220.8949,107656,0.357,99.7241,0.3653,61.9856,0.215984246,0.4931,Caenorhabditis
334,118.1667,107602,0.3709,100,0.3727,79.7363,0.17354696,0.5375,Caenorhabditis
335,21.1958,106504,0.3753,100,0.3757,7.3587,0.693063171,0.3959,Candida
336,101.0256,106188,0.3477,100,0.3478,31.6905,0.303047425,0.4091,Caenorhabditis
337,19.9328,104222,0.3542,100,0.3543,6.9831,0.648078141,0.3728,Candida
338,103.1191,104191,0.3549,99.9693,0.3551,32.1469,0.282970698,0.3832,Caenorhabditis
339,100.3189,103794,0.3552,99.9807,0.3558,31.0687,0.382661811,0.4101,Caenorhabditis
340,46.6909,103005,0.3306,99.9796,0.3314,12.0945,0.622358138,0.3411,Candida
341,100.201,102623,0.3444,99.5342,0.3442,23.7743,0.128772303,0.4545,Caenorhabditis
342,40.5893,102537,0.3349,100,0.3363,12.8201,0.640334708,0.3575,Candida
343,99.1087,102333,0.3624,98.0231,0.362,36.2135,0.419131658,0.415,Caenorhabditis
344,19.9058,101373,0.3023,99.7909,0.3022,5.3944,0.539256015,0.3062,Candida
345,106.5579,101184,0.3718,99.9535,0.3719,114.8766,0.220044671,0.4739,Caenorhabditis
346,40.7119,100089,0.3273,100,0.3297,11.5896,0.548162136,0.3525,Candida
347,109.6311,100301,0.3499,99.998,0.3526,28.6499,0.165890669,0.4584,Caenorhabditis
348,126.2825,100040,0.3656,99.998,0.3616,39.9057,0.363984406,0.4099,Caenorhabditis
349,104.1629,100070,0.3615,100,0.3634,36.7553,0.345048466,0.4166,Caenorhabditis
350,100.8768,99871,0.3323,100,0.3327,35.0345,0.260996686,0.4062,Caenorhabditis
351,103.7148,99667,0.3539,100,0.3526,43.8957,0.315821686,0.4171,Caenorhabditis
352,38.9543,100380,0.3274,99.99,0.3277,13.0122,0.662273361,0.3418,Candida
353,51.922,100005,0.3216,99.998,0.3225,15.7103,0.606929654,0.3318,Candida
354,105.4546,99308,0.3467,100,0.3477,25.4516,0.312381681,0.3802,Caenorhabditis
355,104.6454,98692,0.3695,99.997,0.3745,24.3622,0.229572812,0.4261,Caenorhabditis
356,102.0015,98614,0.3539,100,0.3541,39.8812,0.353489363,0.4071,Caenorhabditis
357,130.6688,98190,0.3569,99.9969,0.3629,23.835,0.182625522,0.4478,Caenorhabditis
358,179.3231,98414,0.3491,100,0.3479,33.9473,0.152031215,0.4662,Caenorhabditis
359,120.8551,97149,0.3455,100,0.3454,34.4006,0.255689714,0.4249,Caenorhabditis
360,102.5235,97127,0.3512,100,0.3519,22.4896,0.274362433,0.4072,Caenorhabditis
361,114.5655,97036,0.3677,100,0.365,27.1305,0.203924317,0.4896,Caenorhabditis
362,113.0185,98605,0.3172,100,0.3158,48.4541,0.054946504,0.4646,Caenorhabditis
363,118.3294,96002,0.319,100,0.3221,59.1907,0.256348826,0.3846,Caenorhabditis
364,254.2318,95101,0.3633,100,0.364,58.0552,0.218062902,0.4759,Caenorhabditis
365,103.9935,94498,0.3402,99.9979,0.3415,51.8633,0.224364537,0.4083,Caenorhabditis
366,100.5813,94142,0.3106,100,0.3111,17.3974,0.104299887,0.4271,Caenorhabditis
367,104.4495,94479,0.3628,99.9989,0.3668,18.401,0.167190593,0.4728,Caenorhabditis
368,110.0404,95301,0.3444,100,0.3454,18.3889,0.158959507,0.3666,Caenorhabditis
369,122.652,94911,0.3514,100,0.3526,30.9503,0.250413545,0.4437,Caenorhabditis
370,41.9543,92795,0.3392,99.9418,0.3393,11.5741,0.575171076,0.3645,Candida
371,225.798,92371,0.348,100,0.3496,85.821,0.181366446,0.4515,Caenorhabditis
372,141.5645,92300,0.3676,99.9881,0.3683,55.9739,0.191549296,0.4601,Caenorhabditis
373,112.3838,92327,0.3532,100,0.3533,27.343,0.223683213,0.4,Caenorhabditis
374,101.8496,91436,0.313,99.9213,0.3153,17.825,0.154818671,0.4304,Caenorhabditis
375,107.7351,91308,0.3812,100,0.3817,103.408,0.181550357,0.4769,Caenorhabditis
376,99.0996,91283,0.3599,98.7511,0.36,27.9888,0.344642485,0.4383,Caenorhabditis
377,107.1676,91258,0.3494,99.9967,0.3503,56.3416,0.279328936,0.4299,Caenorhabditis
378,143.0293,91594,0.3487,100,0.3499,35.7056,0.316527283,0.4156,Caenorhabditis
379,112.5899,90137,0.3501,100,0.3506,44.3611,0.20109389,0.4713,Caenorhabditis
380,109.8869,89925,0.3527,100,0.3519,39.9933,0.240911871,0.4156,Caenorhabditis
381,102.0846,89392,0.3468,99.9989,0.3468,48.8595,0.252315643,0.4142,Caenorhabditis
382,40.2595,87848,0.3427,99.9715,0.3439,10.9246,0.524974957,0.3711,Candida
383,107.0298,87703,0.3751,100,0.3765,28.2626,0.269557484,0.4214,Caenorhabditis
384,102.7812,88014,0.3471,100,0.3465,33.8223,0.283079965,0.4041,Caenorhabditis
385,128.1487,87239,0.3598,99.9989,0.362,63.1746,0.160662089,0.4994,Caenorhabditis
386,111.1143,88967,0.3423,99.9966,0.3428,41.3872,0.129834658,0.4325,Caenorhabditis
387,132.733,87103,0.3477,99.9989,0.3542,39.8511,0.382994845,0.4004,Caenorhabditis
388,108.2882,86756,0.3484,100,0.35,13.6286,0.19751948,0.436,Caenorhabditis
389,187.7759,85803,0.3339,100,0.3322,20.3376,0.234945165,0.4111,Caenorhabditis
390,99.5339,85585,0.3447,100,0.3451,63.364,0.287141438,0.412,Caenorhabditis
391,43.9398,85318,0.3928,100,0.3949,16.6782,0.72124288,0.4127,Candida
392,117.4977,84315,0.3726,99.9964,0.3723,38.055,0.382458637,0.4317,Caenorhabditis
393,103.8174,84183,0.3646,99.9976,0.3645,34.9622,0.200776879,0.4775,Caenorhabditis
394,101.1239,83922,0.3501,99.3315,0.3504,31.0646,0.385202927,0.4024,Caenorhabditis
395,108.8152,83217,0.3485,100,0.3481,54.445,0.184060949,0.4624,Caenorhabditis
396,296.9023,83057,0.3519,99.994,0.352,42.2994,0.253464488,0.4532,Caenorhabditis
397,40.6393,83591,0.3877,99.9988,0.3886,16.6155,0.758777859,0.4098,Candida
398,39.0088,83915,0.3063,99.9654,0.3077,10.5859,0.539736638,0.3173,Candida
399,41.7081,81942,0.3377,99.9951,0.3383,12.8974,0.668277562,0.3568,Candida
400,43.1303,81901,0.3567,99.3675,0.3604,15.1512,0.684973321,0.3849,Candida
401,109.3676,81714,0.339,99.9951,0.3406,56.008,0.160486575,0.4477,Caenorhabditis
402,117.0909,81390,0.3093,100,0.3055,41.338,0.091866323,0.4491,Caenorhabditis
403,39.2927,80697,0.3383,99.9827,0.3379,13.544,0.67016122,0.3598,Candida
404,121.6794,80657,0.3643,100,0.364,53.9533,0.185451976,0.4935,Caenorhabditis
405,99.4151,80073,0.3429,100,0.3436,27.206,0.289660685,0.4074,Caenorhabditis
406,106.483,79531,0.3661,99.995,0.3659,64.9042,0.131935975,0.4851,Caenorhabditis
407,39.8729,79332,0.3137,100,0.3135,11.1092,0.56058085,0.3197,Candida
408,105.7813,78683,0.3597,99.9987,0.3603,37.2929,0.35302416,0.4072,Caenorhabditis
409,97.3579,79150,0.3552,98.8907,0.3557,25.0498,0.18181933,0.4371,Caenorhabditis
410,121.0483,78386,0.3565,99.5994,0.3576,24.793,0.195736484,0.4412,Caenorhabditis
411,101.9923,78170,0.3652,99.3732,0.363,43.5013,0.377024434,0.4332,Caenorhabditis
412,112.0128,79687,0.3239,100,0.3265,17.3955,0.14976094,0.4074,Caenorhabditis
413,106.7612,77383,0.3727,99.9974,0.3724,49.5295,0.234444258,0.4671,Caenorhabditis
414,100.8757,77026,0.3425,100,0.344,62.4931,0.328538416,0.4219,Caenorhabditis
415,104.6106,76733,0.3135,100,0.313,23.1243,0.170695789,0.4301,Caenorhabditis
416,104.9238,76298,0.3697,100,0.3692,101.8955,0.330755721,0.4364,Caenorhabditis
417,101.8248,75882,0.3768,100,0.3766,116.3988,0.564231307,0.4159,Caenorhabditis
418,229.5626,75834,0.3412,100,0.3459,50.9988,0.194319171,0.4352,Caenorhabditis
419,192.8644,75325,0.3432,100,0.3443,33.0203,0.185701958,0.4597,Caenorhabditis
420,112.1152,74911,0.3531,100,0.3536,29.4003,0.157987478,0.4828,Caenorhabditis
421,177.611,75339,0.3664,99.9987,0.3676,80.1424,0.186211657,0.4635,Caenorhabditis
422,132.6133,75536,0.3369,99.9987,0.34,72.8051,0.193139695,0.4294,Caenorhabditis
423,103.828,73895,0.3511,100,0.3543,24.2123,0.327396982,0.4035,Caenorhabditis
424,108.1553,73588,0.3767,99.9946,0.3833,28.3275,0.251100723,0.4673,Caenorhabditis
425,39.1862,74616,0.302,99.9973,0.3033,10.9906,0.552857296,0.3108,Candida
426,106.8776,73015,0.3585,99.9945,0.3562,34.1988,0.368266794,0.431,Caenorhabditis
427,102.0439,72911,0.3422,99.989,0.3425,24.0887,0.330389105,0.3789,Caenorhabditis
428,112.3994,72844,0.3461,100,0.3481,32.0089,0.119831421,0.4844,Caenorhabditis
429,99.7623,72721,0.3724,100,0.3727,34.0122,0.275546266,0.4027,Caenorhabditis
430,175.0423,74211,0.376,97.9936,0.3817,18.0533,0.206963927,0.4067,Caenorhabditis
431,98.1041,73496,0.3381,98.6843,0.3371,38.8117,0.175315663,0.4598,Caenorhabditis
432,145.1956,72280,0.3604,100,0.3592,28.5673,0.26205036,0.4459,Caenorhabditis
433,42.6634,70896,0.3303,99.9803,0.3307,10.6626,0.504711126,0.3555,Candida
434,111.3539,70761,0.356,100,0.361,31.3006,0.316304179,0.4296,Caenorhabditis
435,118.8062,70620,0.3542,99.9943,0.3546,27.3685,0.211866327,0.4465,Caenorhabditis
436,0.5495,70500,0.3642,47.8553,0.2858,0.1981,0.044141844,0.4967,Caenorhabditis
437,101.1556,69869,0.37,100,0.3703,27.5719,0.271336358,0.441,Caenorhabditis
438,39.4373,72528,0.3017,97.9787,0.3034,13.9606,0.704293514,0.3069,Candida
439,121.0615,69525,0.3708,100,0.3888,27.8714,0.287594391,0.4402,Caenorhabditis
440,112.2404,69424,0.3729,100,0.3732,34.801,0.230583084,0.4857,Caenorhabditis
441,101.8689,68090,0.3486,99.7606,0.3502,54.4386,0.15881921,0.4461,Caenorhabditis
442,110.712,68845,0.3269,100,0.3262,83.7646,0.286847266,0.4176,Caenorhabditis
443,193.5339,68430,0.3642,99.8714,0.3642,71.1498,0.20550928,0.4866,Caenorhabditis
444,103.0346,67853,0.3794,100,0.3789,25.3639,0.289228184,0.4414,Caenorhabditis
445,103.285,67277,0.3651,99.5764,0.368,42.9963,0.380219094,0.4184,Caenorhabditis
446,104.5036,66898,0.3225,99.9985,0.319,22.9195,0.122066429,0.4552,Caenorhabditis
447,110.6327,66744,0.3473,100,0.3573,38.0198,0.245505214,0.436,Caenorhabditis
448,164.9216,65419,0.3525,100,0.3573,48.7923,0.274782556,0.435,Caenorhabditis
449,114.4193,65275,0.3644,99.9954,0.3657,47.2281,0.232477978,0.4223,Caenorhabditis
450,107.3078,65265,0.3833,100,0.3842,21.3568,0.277989734,0.4331,Caenorhabditis
451,104.1504,65091,0.3667,100,0.368,20.7302,0.20188659,0.4259,Caenorhabditis
452,98.3475,63998,0.3365,98.4343,0.3368,37.5925,0.32496328,0.3942,Caenorhabditis
453,44.2722,63762,0.3264,99.6644,0.3268,14.4182,0.654308209,0.3415,Candida
454,39.248,64859,0.3156,99.8582,0.317,12.3246,0.61949768,0.332,Candida
455,99.649,63472,0.383,99.9984,0.3845,17.3483,0.220034031,0.3802,Caenorhabditis
456,37.8174,62885,0.3043,96.0865,0.3051,12.7482,0.626874453,0.315,Candida
457,39.207,62762,0.3145,96.3099,0.3126,10.3632,0.513367962,0.3267,Candida
458,105.3946,63443,0.3526,98.5672,0.3571,31.6645,0.299717857,0.4156,Caenorhabditis
459,99.8339,62685,0.3567,100,0.3572,25.0337,0.324495493,0.4223,Caenorhabditis
460,107.6642,62482,0.3228,98.7804,0.324,28.0091,0.111536122,0.4528,Caenorhabditis
461,100.9879,62402,0.3529,99.3654,0.3527,27.4849,0.383481299,0.4023,Caenorhabditis
462,38.7937,62171,0.3348,97.0147,0.3377,11.7397,0.560373808,0.3556,Candida
463,103.6866,63556,0.3547,99.9953,0.3531,45.4814,0.228806092,0.4296,Caenorhabditis
464,119.1511,61143,0.3593,98.6818,0.3555,42.8058,0.21647613,0.4906,Caenorhabditis
465,38.0133,61195,0.3364,96.6876,0.3378,9.9673,0.514715255,0.3515,Candida
466,42.2875,61117,0.3349,100,0.3359,13.363,0.660209107,0.3511,Candida
467,32.2981,60527,0.3241,89.451,0.3258,11.3113,0.59216548,0.3378,Candida
468,123.757,60793,0.3731,100,0.377,52.2804,0.383169115,0.4673,Caenorhabditis
469,100.8575,60246,0.3643,100,0.3628,17.9733,0.236530226,0.3959,Caenorhabditis
470,123.8378,59950,0.3515,100,0.3417,26.7545,0.330859049,0.3839,Caenorhabditis
471,103.1148,59739,0.3503,97.8105,0.3494,46.5722,0.276201476,0.423,Caenorhabditis
472,116.5616,59562,0.345,99.9362,0.3453,40.1065,0.095211712,0.4643,Caenorhabditis
473,104.233,59784,0.3394,99.9967,0.3389,18.3104,0.132928543,0.4393,Caenorhabditis
474,41.7222,58986,0.3034,100,0.3029,11.9726,0.598752246,0.3157,Candida
475,125.7123,58882,0.368,99.9711,0.3683,27.6588,0.265836758,0.4183,Caenorhabditis
476,143.4113,58668,0.358,99.9983,0.3588,54.7629,0.249079566,0.4796,Caenorhabditis
477,39.4581,58804,0.3671,100,0.3684,14.5412,0.717587239,0.3876,Candida
478,109.8993,58475,0.3503,99.9914,0.3501,40.6759,0.154185549,0.4157,Caenorhabditis
479,228.4581,57907,0.3484,100,0.343,38.6013,0.213290276,0.4432,Caenorhabditis
480,121.18,57696,0.3468,99.9983,0.3477,30.747,0.215838186,0.4108,Caenorhabditis
481,103.2057,57650,0.3445,99.6912,0.3429,25.154,0.327094536,0.3942,Caenorhabditis
482,104.8023,57240,0.3502,100,0.353,54.9972,0.417295597,0.3942,Caenorhabditis
483,100.697,57247,0.342,100,0.342,24.505,0.260031093,0.418,Caenorhabditis
484,39.7718,59031,0.3353,99.9881,0.3358,11.7927,0.603327065,0.3514,Candida
485,108.4893,56880,0.3382,100,0.3361,26.6129,0.209018987,0.3877,Caenorhabditis
486,32.5327,56843,0.3232,89.2529,0.3275,12.3332,0.631775241,0.3375,Candida
487,41.9483,56388,0.3551,98.849,0.3569,14.3511,0.624370433,0.3819,Candida
488,41.5036,56126,0.3564,100,0.3576,14.6793,0.671114991,0.3793,Candida
489,106.1207,55867,0.3499,99.3628,0.3466,20.8058,0.214724256,0.3601,Caenorhabditis
490,105.2391,55728,0.2992,100,0.301,0.1346,0.003552972,0.3801,Caenorhabditis
491,124.6652,55370,0.3749,100,0.3746,45.8456,0.181560412,0.4918,Caenorhabditis
492,40.2802,55178,0.3134,98.4541,0.3131,9.4012,0.462865635,0.3346,Candida
493,104.4412,54753,0.3495,99.9836,0.3501,58.6591,0.355286468,0.4174,Caenorhabditis
494,41.5939,54299,0.3367,100,0.3408,13.3378,0.626420376,0.3619,Candida
495,110.0414,54596,0.3552,98.5567,0.355,22.3953,0.20994212,0.4013,Caenorhabditis
496,101.123,53992,0.3418,95.1141,0.3451,30.8503,0.299099867,0.413,Caenorhabditis
497,97.8241,53804,0.3595,99.9963,0.3607,26.3248,0.322150769,0.4256,Caenorhabditis
498,102.526,53779,0.3444,97.0955,0.3392,30.8076,0.196489336,0.4814,Caenorhabditis
499,42.7268,53513,0.4035,99.9944,0.4042,16.3667,0.727056977,0.4239,Candida
500,30.4916,53427,0.3074,85.9884,0.3134,8.2723,0.428341475,0.3291,Candida
501,131.6871,52014,0.3305,99.9981,0.3315,80.8491,0.148575384,0.4249,Caenorhabditis
502,106.8501,51750,0.357,100,0.3554,27.5031,0.390086957,0.4161,Caenorhabditis
503,139.242,53954,0.3867,100,0.3867,23.6184,0.181135782,0.4804,Caenorhabditis
504,150.8391,51624,0.3453,100,0.3506,36.9549,0.280431582,0.4149,Caenorhabditis
505,107.4658,50817,0.3724,99.4155,0.3724,19.8393,0.245724856,0.393,Caenorhabditis
506,109.2669,52815,0.3585,100,0.357,35.4056,0.262179305,0.3918,Caenorhabditis
507,39.6542,51893,0.3557,95.086,0.3504,10.6064,0.509683387,0.3887,Candida
508,99.7341,50001,0.3313,100,0.3317,19.7992,0.216675666,0.3917,Caenorhabditis
509,99.5919,49947,0.3501,100,0.3501,29.4003,0.295713456,0.4502,Caenorhabditis
510,107.0149,49503,0.3601,99.998,0.3604,37.9297,0.243076177,0.4373,Caenorhabditis
511,41.9389,49859,0.3114,98.9691,0.3155,9.3638,0.477245833,0.3167,Candida
512,108.4833,48971,0.357,99.998,0.3568,14.9956,0.210246881,0.4214,Caenorhabditis
513,43.936,48931,0.3334,99.8283,0.3324,11.5845,0.561239296,0.3507,Candida
514,41.9613,48841,0.3411,100,0.3423,14.8508,0.724657562,0.3511,Candida
515,22.7518,48767,0.3119,100,0.3117,6.1089,0.615928804,0.321,Candida
516,107.5044,48707,0.3645,99.6448,0.3646,11.2155,0.183567044,0.4342,Caenorhabditis
517,107.0442,48451,0.3548,99.9505,0.3515,27.8754,0.229345112,0.4606,Caenorhabditis
518,100.9732,48024,0.3476,100,0.3479,34.3653,0.206917375,0.4273,Caenorhabditis
519,40.056,47819,0.3166,98.9565,0.3186,9.9708,0.51876869,0.3282,Candida
520,102.9905,47775,0.3404,100,0.3414,29.1944,0.196399791,0.4319,Caenorhabditis
521,40.6502,47717,0.3069,100,0.3074,11.9101,0.498166272,0.3292,Candida
522,37.9266,47444,0.3241,94.3344,0.324,13.3636,0.645645392,0.3394,Candida
523,102.6326,47502,0.3521,99.7958,0.3532,12.2019,0.11845817,0.4635,Caenorhabditis
524,38.0303,48479,0.3106,97.6113,0.3123,11.8043,0.612636399,0.3186,Candida
525,108.966,47261,0.3542,100,0.3625,31.6669,0.263811599,0.4473,Caenorhabditis
526,198.6094,48392,0.3474,100,0.338,19.8427,0.2016449,0.4108,Caenorhabditis
527,106.7456,47009,0.3777,98.6449,0.3795,77.5094,0.394222383,0.4641,Caenorhabditis
528,99.1413,46872,0.3495,99.9893,0.3499,31.9394,0.302376685,0.4011,Caenorhabditis
529,61.7336,46486,0.2973,100,0.3104,12.2388,0.598309168,0.2872,Candida
530,101.5361,46447,0.3802,92.9985,0.3842,55.3486,0.157728163,0.4888,Caenorhabditis
531,39.1972,46306,0.348,98.1601,0.3491,14.1971,0.702867879,0.3655,Candida
532,108.3303,45934,0.3729,99.0595,0.3666,30.4367,0.244437671,0.4515,Caenorhabditis
533,48.6571,46826,0.3048,98.7934,0.3078,7.7289,0.387690599,0.3066,Candida
534,105.1589,45591,0.3552,100,0.3567,26.171,0.318769055,0.4203,Caenorhabditis
535,38.2938,44864,0.3237,98.647,0.3252,12.1873,0.628544044,0.333,Candida
536,147.4928,44464,0.3658,99.9978,0.3645,70.6919,0.22622796,0.4862,Caenorhabditis
537,109.0401,44402,0.3595,100,0.3578,26.5696,0.15875411,0.457,Caenorhabditis
538,104.1115,44403,0.3574,100,0.3575,37.6435,0.147309866,0.4717,Caenorhabditis
539,92.8235,44163,0.3562,94.7535,0.3611,45.8544,0.443765143,0.4076,Caenorhabditis
540,124.3073,46217,0.37,99.987,0.3681,21.4402,0.330094987,0.4119,Caenorhabditis
541,39.9312,43534,0.3351,100,0.3368,10.7402,0.524027197,0.3563,Candida
542,39.8917,42895,0.3337,99.7506,0.334,12.9631,0.630376501,0.358,Candida
543,24.5407,44494,0.301,76.8643,0.3141,6.2394,0.370454443,0.319,Candida
544,131.0226,43165,0.3227,100,0.3491,19.4457,0.134252288,0.3805,Caenorhabditis
545,20.5708,41997,0.3071,100,0.3081,6.1412,0.585565636,0.3147,Candida
546,39.9185,41282,0.3331,100,0.3323,11.8659,0.57315537,0.3585,Candida
547,20.3414,41056,0.3576,100,0.3587,6.7879,0.635400429,0.3867,Candida
548,93.6699,40748,0.3771,95.2979,0.3767,21.5171,0.281854324,0.4273,Caenorhabditis
549,136.7097,39516,0.3924,100,0.3845,26.9295,0.242686507,0.489,Caenorhabditis
550,104.9894,38790,0.3448,97.7443,0.3434,28.6589,0.387909255,0.3982,Caenorhabditis
551,165.9083,38600,0.3512,100,0.3499,44.1864,0.450699482,0.3874,Caenorhabditis
552,101.4447,38278,0.3022,100,0.306,29.3465,0.096556769,0.4222,Caenorhabditis
553,100.4982,38163,0.3525,99.9974,0.3528,33.8575,0.350784792,0.4151,Caenorhabditis
554,105.5564,37944,0.3739,100,0.3723,123.7171,0.220588235,0.4525,Caenorhabditis
555,42.4509,38523,0.3271,99.9611,0.3286,12.7976,0.608986839,0.3472,Candida
556,125.7472,37195,0.3098,99.9973,0.3097,82.5769,0.12878075,0.4384,Caenorhabditis
557,95.5114,37160,0.3548,95.3283,0.3555,21.7372,0.2118676,0.4401,Caenorhabditis
558,36.3304,36692,0.3282,91.9029,0.3301,8.5599,0.409353538,0.376,Candida
559,104.6211,36604,0.3584,99.7159,0.3616,22.7177,0.215195061,0.4424,Caenorhabditis
560,114.3497,36453,0.3752,99.9973,0.3747,37.2205,0.098455545,0.4683,Caenorhabditis
561,111.7209,36474,0.3656,100,0.3677,119.6291,0.266217031,0.4598,Caenorhabditis
562,37.8249,36159,0.3098,96.4767,0.3099,9.6442,0.496971708,0.3199,Candida
563,103.7668,36258,0.3108,100,0.3127,151.4038,0.096695902,0.4109,Caenorhabditis
564,103.5624,36053,0.29,99.9972,0.2952,7.2115,0.033423016,0.4393,Caenorhabditis
565,153.4845,36097,0.3543,99.9917,0.3589,8.5499,0.092362246,0.5104,Caenorhabditis
566,155.4197,35809,0.298,98.4557,0.3079,7.116,0.041023206,0.4736,Caenorhabditis
567,101.1059,35153,0.352,99.3855,0.3539,29.0775,0.222541462,0.4525,Caenorhabditis
568,98.5866,34871,0.3418,100,0.3426,131.0105,0.280175504,0.4146,Caenorhabditis
569,40.0162,34809,0.2921,100,0.2915,12.1812,0.611881985,0.2956,Candida
570,112.3749,34515,0.3649,99.9971,0.3661,13.355,0.159756628,0.3833,Caenorhabditis
571,109.2153,34374,0.3559,99.2494,0.3547,14.2302,0.096991912,0.4103,Caenorhabditis
572,99.7223,34771,0.3313,98.0472,0.3313,27.8463,0.312473038,0.3539,Caenorhabditis
573,102.6586,34429,0.3469,99.9971,0.3465,8.8478,0.134915333,0.4608,Caenorhabditis
574,39.2371,34111,0.3356,98.3348,0.3374,14.1574,0.717129372,0.3509,Candida
575,43.4556,33461,0.3113,99.988,0.3119,10.0808,0.478318042,0.3313,Candida
576,83.4536,33489,0.3589,93.4187,0.3541,12.4043,0.137268954,0.5035,Caenorhabditis
577,39.5637,33305,0.3234,91.8481,0.324,9.9705,0.474193064,0.3368,Candida
578,40.0558,33101,0.318,100,0.3189,11.5926,0.569167095,0.3274,Candida
579,91.6614,34028,0.3456,95.3274,0.3454,44.5891,0.201628071,0.4641,Caenorhabditis
580,97.8116,32688,0.3111,99.9908,0.311,45.0516,0.195209251,0.4116,Caenorhabditis
581,106.3044,32295,0.3677,100,0.368,30.2181,0.213995975,0.4701,Caenorhabditis
582,39.3672,32161,0.2892,99.7979,0.2889,8.6204,0.438761233,0.29,Candida
583,39.6345,32113,0.3233,99.9969,0.3245,12.0073,0.60206147,0.337,Candida
584,101.1308,32444,0.3623,100,0.3622,24.0991,0.234373074,0.4091,Caenorhabditis
585,101.8725,31813,0.3587,99.9937,0.3645,63.4277,0.230440386,0.4687,Caenorhabditis
586,99.5902,31686,0.3581,100,0.3579,33.7562,0.193997349,0.4741,Caenorhabditis
587,18.3549,31126,0.4045,91.724,0.405,9.0152,0.794769646,0.4261,Candida
588,126.597,31004,0.3164,99.9968,0.3214,27.1042,0.101245001,0.3889,Caenorhabditis
589,125.1007,31040,0.3225,99.9968,0.3239,75.8746,0.136372423,0.4331,Caenorhabditis
590,104.8182,30383,0.3347,99.8881,0.3339,17.0947,0.272882862,0.3653,Caenorhabditis
591,102.3085,32121,0.3909,94.1502,0.3904,16.3179,0.238317612,0.4285,Caenorhabditis
592,27.3986,29960,0.4176,92.8338,0.4136,7.955,0.594959947,0.4221,Candida
593,110.9888,29504,0.3365,100,0.3298,19.9547,0.2602359,0.376,Caenorhabditis
594,100.0563,29382,0.3363,99.9966,0.3354,34.6948,0.247872847,0.4297,Caenorhabditis
595,101.9246,29369,0.3444,99.9966,0.3443,36.0194,0.06850761,0.401,Caenorhabditis
596,156.3141,28979,0.3177,99.8413,0.3437,27.0057,0.103626764,0.409,Caenorhabditis
597,106.0579,28742,0.3811,100,0.3844,41.6787,0.268387725,0.4563,Caenorhabditis
598,40.1478,28579,0.3061,100,0.3068,13.6546,0.685538332,0.3118,Candida
599,103.2013,28238,0.3316,99.7521,0.3337,26.1779,0.241837241,0.4137,Caenorhabditis
600,101.6219,28407,0.3717,99.3065,0.3739,24.8367,0.253001021,0.4483,Caenorhabditis
601,40.017,28325,0.3319,100,0.3322,12.9128,0.610661959,0.3539,Candida
602,39.9061,27146,0.299,100,0.2997,11.8642,0.592536654,0.3178,Candida
603,98.001,27571,0.3411,100,0.3429,21.5498,0.223858402,0.3762,Caenorhabditis
604,384.9289,27631,0.3324,100,0.3441,55.7996,0.213998769,0.4233,Caenorhabditis
605,124.8575,27489,0.3713,99.9964,0.3881,33.5639,0.338935574,0.4676,Caenorhabditis
606,113.8534,27554,0.3872,100,0.3855,19.6575,0.111018364,0.4261,Caenorhabditis
607,99.3565,27465,0.3483,100,0.3483,101.9362,0.432768979,0.403,Caenorhabditis
608,122.7513,26579,0.3294,100,0.3335,53.8345,0.110801761,0.4265,Caenorhabditis
609,42.496,27317,0.3248,99.7877,0.3258,7.272,0.36420544,0.3638,Candida
610,97.752,27311,0.3507,100,0.3494,36.1977,0.147815898,0.4853,Caenorhabditis
611,39.3584,27277,0.3194,99.8534,0.3222,11.7648,0.598306265,0.3363,Candida
612,102.4822,26926,0.3716,100,0.3727,29.5199,0.296033573,0.4684,Caenorhabditis
613,41.4136,26790,0.3434,99.6043,0.3444,8.4712,0.393952968,0.3686,Candida
614,69.3463,26296,0.3891,92.1813,0.3997,13.3426,0.239770307,0.4966,Caenorhabditis
615,40.0283,26219,0.3151,100,0.3169,10.5174,0.526259583,0.3366,Candida
616,115.3616,29125,0.3609,99.9931,0.3631,5.0165,0.064240343,0.4454,Caenorhabditis
617,107.6715,26134,0.3883,99.9885,0.385,49.7559,0.52712941,0.4775,Caenorhabditis
618,71.1117,25600,0.315,94.6367,0.3577,27.2945,0.618203125,0.3789,Candida
619,96.6819,27899,0.3589,94.7597,0.3575,9.271,0.090576723,0.4034,Caenorhabditis
620,101.2597,25608,0.3793,83.1693,0.3794,28.0226,0.404404873,0.4181,Caenorhabditis
621,97.2206,25528,0.3691,99.9922,0.3671,104.6282,0.248942338,0.485,Caenorhabditis
622,124.5034,24954,0.3451,100,0.3658,40.1321,0.211669472,0.4327,Caenorhabditis
623,31.2468,25968,0.3134,99.9076,0.3182,10.677,0.558610598,0.3199,Candida
624,112.1412,24777,0.3625,100,0.3727,14.5763,0.062275497,0.4879,Caenorhabditis
625,91.0677,26492,0.374,99.6527,0.3707,49.4929,0.518571644,0.4362,Caenorhabditis
626,196.5354,24682,0.3825,100,0.3838,68.8391,0.192407422,0.478,Caenorhabditis
627,91.6061,24665,0.3875,84.8774,0.4004,21.0444,0.278897223,0.4549,Caenorhabditis
628,94.2112,24621,0.3748,98.2373,0.373,14.5353,0.26566752,0.407,Caenorhabditis
629,98.848,24521,0.3565,99.584,0.3555,10.5746,0.150524041,0.4278,Caenorhabditis
630,99.4106,24355,0.3474,99.7372,0.3472,49.3701,0.440895093,0.4002,Caenorhabditis
631,107.4757,24345,0.3742,100,0.3751,26.6341,0.397740809,0.4407,Caenorhabditis
632,39.1606,24335,0.3298,99.9096,0.3296,12.813,0.667104993,0.346,Candida
633,103.4859,24213,0.3518,99.8761,0.3496,70.8463,0.307562053,0.4426,Caenorhabditis
634,92.3757,24040,0.4042,92.7038,0.4048,63.9434,0.410607321,0.4876,Caenorhabditis
635,51.6621,23914,0.3404,99.0466,0.3479,18.6163,0.705737225,0.3617,Candida
636,112.2891,23648,0.3468,99.0824,0.3494,9.8372,0.142506766,0.4064,Caenorhabditis
637,99.6773,23510,0.34,100,0.3407,33.2575,0.340153126,0.3804,Caenorhabditis
638,105.7712,23065,0.3907,100,0.3865,21.3496,0.298894429,0.4219,Caenorhabditis
639,39.8746,24210,0.2881,99.7274,0.2882,11.0875,0.554729451,0.3049,Candida
640,108.7276,23038,0.335,99.9826,0.3365,31.7706,0.23083601,0.4405,Caenorhabditis
641,46.8336,22254,0.3065,99.9236,0.31,11.9013,0.591623978,0.3145,Candida
642,120.1565,22172,0.3871,100,0.3868,19.9249,0.268627097,0.48,Caenorhabditis
643,155.2948,20081,0.3913,100,0.3986,6.6692,0.059011005,0.3919,Caenorhabditis
644,100.1363,22063,0.3461,100,0.3453,38.4192,0.223179078,0.4297,Caenorhabditis
645,98.0379,21677,0.3803,99.9908,0.3817,39.1786,0.387830419,0.4474,Caenorhabditis
646,96.0467,22549,0.2912,100,0.2908,11.5969,0.171005366,0.361,Caenorhabditis
647,101.3809,21336,0.3469,100,0.3489,22.8694,0.270294338,0.4197,Caenorhabditis
648,103.316,21338,0.3619,99.9953,0.3654,27.1251,0.370465836,0.3934,Caenorhabditis
649,49.3079,22245,0.2829,99.9865,0.2922,8.0119,0.401618341,0.2686,Candida
650,18.9708,21030,0.4108,94.9976,0.4102,8.4142,0.737232525,0.4359,Candida
651,84.1973,22963,0.3597,95.7976,0.3594,9.8058,0.113617559,0.4447,Caenorhabditis
652,123.3229,20553,0.3557,99.9757,0.3474,5.6088,0.054639225,0.3806,Caenorhabditis
653,109.8602,19922,0.3598,100,0.357,43.2476,0.186828632,0.481,Caenorhabditis
654,39.3303,19835,0.2807,99.995,0.2833,13.8057,0.705621376,0.2751,Candida
655,95.3321,19605,0.3457,98.9186,0.343,24.1914,0.296608008,0.4053,Caenorhabditis
656,101.869,19536,0.3848,99.9949,0.3871,35.6077,0.268888206,0.4274,Caenorhabditis
657,103.6368,19471,0.3277,100,0.3299,48.0042,0.16984233,0.4273,Caenorhabditis
658,98.532,19367,0.3705,99.9948,0.3704,38.7796,0.391748851,0.4353,Caenorhabditis
659,99.999,19276,0.3531,99.9481,0.3533,29.1606,0.264266445,0.4075,Caenorhabditis
660,87.7202,19259,0.352,91.8012,0.3559,12.6303,0.190560258,0.3894,Caenorhabditis
661,99.6817,19145,0.2991,99.9896,0.2998,12.7739,0.095272917,0.4302,Caenorhabditis
662,142.8933,19087,0.3203,99.8166,0.3061,47.5886,0.150626081,0.4039,Caenorhabditis
663,39.2415,18673,0.3043,100,0.3052,12.5684,0.619236331,0.3122,Candida
664,129.9624,18435,0.2857,100,0.2859,0,0,0,Caenorhabditis
665,170.5758,18322,0.3656,96.9436,0.3631,26.5991,0.165757013,0.5118,Caenorhabditis
666,122.2775,18378,0.2989,100,0.2987,32.6251,0.423930787,0.3028,Caenorhabditis
667,119.3005,18275,0.3526,100,0.3612,25.5661,0.285471956,0.3799,Caenorhabditis
668,160.8278,18191,0.3136,100,0.3143,25.7829,0.131163762,0.4401,Caenorhabditis
669,96.4756,18303,0.3772,97.596,0.3828,27.2215,0.345844943,0.4363,Caenorhabditis
670,48.5906,17907,0.3371,100,0.3484,18.6308,0.660077065,0.3681,Candida
671,102.754,17819,0.3619,94.865,0.3613,11.2913,0.14473315,0.4538,Caenorhabditis
672,103.0972,17506,0.3207,99.9829,0.3193,25.1072,0.146235576,0.4303,Caenorhabditis
673,39.8202,19225,0.4164,99.9532,0.4102,14.7696,0.636462939,0.4411,Candida
674,17.8993,17078,0.3136,72.4968,0.305,4.1601,0.348518562,0.2989,Candida
675,20.5551,17002,0.2947,99.9882,0.2972,6.4791,0.655334667,0.2947,Candida
676,10.7086,16801,0.3226,53.0504,0.3489,2.2842,0.276412118,0.3953,Candida
677,97.9622,17940,0.3382,100,0.3389,29.4236,0.122296544,0.4517,Caenorhabditis
678,211.7796,16337,0.3715,100,0.3719,29.8764,0.233274163,0.4261,Caenorhabditis
679,107.4164,16309,0.3521,96.8422,0.3537,33.6709,0.414311117,0.3694,Caenorhabditis
680,115.9576,16232,0.3394,99.9754,0.3536,31.5091,0.387752587,0.3882,Caenorhabditis
681,123.468,16170,0.4053,100,0.4224,110.9125,0.441620284,0.4968,Caenorhabditis
682,95.0742,17288,0.3402,99.9769,0.3405,18.9804,0.309289681,0.358,Caenorhabditis
683,101.9046,15551,0.3636,99.9936,0.3634,17.9963,0.312391486,0.3802,Caenorhabditis
684,89.6822,15351,0.3665,93.5314,0.364,25.7042,0.281349749,0.3864,Caenorhabditis
685,113.8764,15311,0.3636,95.709,0.379,39.7581,0.39076481,0.424,Caenorhabditis
686,112.5805,15019,0.3223,100,0.3253,32.3319,0.412144617,0.3548,Caenorhabditis
687,33.3932,15065,0.3148,98.1414,0.326,12.6786,0.625555924,0.337,Candida
688,89.0957,14753,0.3748,99.6272,0.3732,38.3299,0.543618247,0.4135,Caenorhabditis
689,115.7144,14710,0.3353,100,0.3289,6.305,0.056016315,0.4953,Caenorhabditis
690,20.0205,14227,0.3484,100,0.3487,7.7999,0.738525339,0.3623,Candida
691,100.9866,14152,0.356,100,0.3566,23.1416,0.300946863,0.3765,Caenorhabditis
692,17.7293,13840,0.4137,96.763,0.4147,8.9717,0.740101156,0.4317,Candida
693,12.7785,13674,0.3309,37.4872,0.3628,5.2131,0.309273073,0.3736,Candida
694,37.0056,13503,0.3347,98.156,0.3316,8.5889,0.440420647,0.3389,Candida
695,104.7456,13491,0.2417,100,0.2407,0,0,0,Caenorhabditis
696,39.7152,12514,0.2962,100,0.2952,5.5968,0.287438069,0.2827,Candida
697,97.4707,13315,0.3429,99.9775,0.3437,3.1074,0.042132933,0.45,Caenorhabditis
698,105.0495,13270,0.3564,100,0.36,25.9207,0.27648832,0.4367,Caenorhabditis
699,37.4997,13034,0.3034,100,0.3047,8.7931,0.48350468,0.3096,Candida
700,99.2061,12980,0.3911,96.5408,0.3985,35.4892,0.613713405,0.4426,Caenorhabditis
701,197.764,12926,0.3881,100,0.3878,65.5217,0.264583011,0.4183,Caenorhabditis
702,39.6919,12902,0.3006,100,0.2992,2.169,0.110990544,0.2782,Candida
703,128.9287,12575,0.3775,100,0.3834,26.163,0.23666004,0.4271,Caenorhabditis
704,100.2721,12576,0.3291,100,0.3321,14.8434,0.063692748,0.4311,Caenorhabditis
705,32.6189,12586,0.3233,85.2296,0.3195,8.9273,0.439059272,0.326,Candida
706,110.4594,12405,0.351,100,0.3514,58.8138,0.336316002,0.4131,Caenorhabditis
707,115.4482,12569,0.3897,99.9761,0.3864,80.3362,0.222611186,0.4887,Caenorhabditis
708,84.7666,12133,0.4582,93.4394,0.464,10.9127,0.197395533,0.4803,Caenorhabditis
709,39.8465,12147,0.3181,100,0.3185,14.0662,0.663455997,0.329,Candida
710,99.9925,12071,0.3554,100,0.354,57.6575,0.092950046,0.492,Caenorhabditis
711,99.6328,11349,0.3357,100,0.3365,24.9007,0.388404265,0.3708,Caenorhabditis
712,62.0073,11021,0.3573,60.1851,0.4016,25.6985,0.202976136,0.4775,Caenorhabditis
713,2.0825,10806,0.3021,38.0622,0.325,0.5444,0.124005182,0.2786,Candida
714,35.2006,12015,0.2841,100,0.284,9.7167,0.525842697,0.2968,Candida
715,107.0576,10616,0.3592,99.9906,0.37,19.1217,0.087603617,0.4186,Caenorhabditis
716,116.1801,10577,0.3869,99.9905,0.3905,9.3714,0.142762598,0.496,Caenorhabditis
717,10.0281,10588,0.3497,33.7269,0.3482,1.2469,0.256044579,0.425,Caenorhabditis
718,167.1638,9659,0.317,99.9793,0.3162,5.1518,0.135003624,0.3442,Caenorhabditis
719,44.5816,9628,0.3024,99.8442,0.3053,1.4539,0.075820523,0.3465,Candida
720,40.651,9618,0.4371,100,0.4404,0.3119,0.030047827,0.501,Candida
721,196.1746,9454,0.4007,100,0.4,64.5218,0.235561667,0.4652,Caenorhabditis
722,123.3443,9237,0.3225,99.9892,0.3403,16.3293,0.149290895,0.3576,Caenorhabditis
723,124.3779,9192,0.3134,100,0.3288,82.1522,0.166993037,0.4476,Caenorhabditis
724,118.4056,9099,0.3662,93.3179,0.3493,4.2418,0.10100011,0.4388,Caenorhabditis
725,109.9841,9079,0.2836,100,0.284,0,0,0,Caenorhabditis
726,101.8447,9072,0.359,100,0.3581,27.9812,0.368165785,0.4324,Caenorhabditis
727,4.0696,9013,0.3077,44.2916,0.2457,0.3372,0.143237546,0.3515,Caenorhabditis
728,120.4747,8986,0.3476,99.6661,0.3456,34.9684,0.168818162,0.4514,Caenorhabditis
729,105.2384,8974,0.3378,100,0.3404,0.2172,0.037552931,0.4217,Caenorhabditis
730,97.6843,8913,0.3926,100,0.3958,5.0229,0.090541905,0.4135,Caenorhabditis
731,97.618,8869,0.3513,84.7672,0.3507,3.3038,0.081858158,0.5139,Caenorhabditis
732,16.2242,8741,0.3421,92.9871,0.3408,6.4438,0.707470541,0.3557,Candida
733,59.0693,8563,0.3594,67.6632,0.3622,0,0,0,Caenorhabditis
734,143.8985,8545,0.4174,99.8713,0.4028,17.963,0.247045056,0.4508,Caenorhabditis
735,144.8807,8510,0.3649,84.3596,0.3584,186.5564,0.398707403,0.3731,Caenorhabditis
736,192.5927,8364,0.3685,100,0.3715,52.6343,0.236250598,0.4387,Caenorhabditis
737,194.747,8232,0.3478,100,0.3496,13.0146,0.148445092,0.4542,Caenorhabditis
738,93.167,8188,0.3448,99.8534,0.3407,2.0909,0.233268197,0.4746,Caenorhabditis
739,196.8698,7979,0.3508,100,0.3496,52.3449,0.180599073,0.4467,Caenorhabditis
740,40.0123,7820,0.3377,97.3402,0.339,11.5885,0.559846547,0.3635,Candida
741,55.9902,7717,0.3794,76.3898,0.3722,16.1318,0.364131139,0.4244,Caenorhabditis
742,0.2319,7705,0.2819,18.3517,0.2528,0,0,0,Caenorhabditis
743,99.5928,7644,0.2962,93.6552,0.2988,27.1648,0.182757718,0.586,Caenorhabditis
744,160.3951,7637,0.3576,100,0.3546,26.3939,0.30574833,0.428,Caenorhabditis
745,129.8928,7572,0.3872,99.9472,0.4045,44.3706,0.510036978,0.4615,Caenorhabditis
746,96.7669,7516,0.3514,100,0.351,31.7899,0.177221927,0.4692,Caenorhabditis
747,194.2399,7487,0.3797,100,0.3798,89.1791,0.781220783,0.4092,Caenorhabditis
748,212.8886,7484,0.3827,100,0.3829,38.0239,0.354088723,0.4414,Caenorhabditis
749,0,7433,0.3509,0,0,0.4208,0.039149738,0.4492,Caenorhabditis
750,143.491,7352,0.3236,100,0.3179,31.7432,0.316784548,0.3918,Caenorhabditis
751,137.7676,7325,0.3769,100,0.3827,56.9454,0.661979522,0.4206,Caenorhabditis
752,66.8357,7235,0.399,99.9585,0.3985,1.8825,0.158258466,0.4623,Candida
753,142.9214,7235,0.3426,100,0.3526,47.0265,0.256254319,0.4557,Caenorhabditis
754,148.212,7254,0.412,100,0.4086,39.1272,0.222911497,0.4005,Caenorhabditis
755,137.8443,7249,0.3328,71.5409,0.3248,23.5784,0.248448062,0.3593,Caenorhabditis
756,94.3825,7155,0.3693,99.9301,0.369,9.839,0.201816911,0.4019,Caenorhabditis
757,150.0614,7147,0.405,99.986,0.4137,3.9681,0.069679586,0.4963,Caenorhabditis
758,178.0319,7083,0.3439,93.3503,0.345,59.3,0.34858111,0.3714,Caenorhabditis
759,97.7707,7009,0.3807,98.9014,0.3821,46.3995,0.44514196,0.4251,Caenorhabditis
760,55.645,6964,0.3426,60.6692,0.347,14.2467,0.142303274,0.3975,Caenorhabditis
761,101.5062,6847,0.3588,100,0.3591,13.6271,0.216445158,0.3958,Caenorhabditis
762,195.6182,6783,0.2972,100,0.2957,42.7177,0.140350877,0.4615,Caenorhabditis
763,111.6643,6866,0.3501,68.7008,0.3367,17.1251,0.143606175,0.3338,Caenorhabditis
764,2030.8656,6615,0.3525,100,0.2839,0,0,0,Caenorhabditis
765,147.0244,6591,0.3704,98.1338,0.3594,23.8754,0.363374298,0.3995,Caenorhabditis
766,196.339,6581,0.3303,100,0.3282,67.5294,0.231879654,0.3931,Caenorhabditis
767,19.6748,6498,0.3592,99.9692,0.3558,0,0,0,Candida
768,120.2619,6311,0.366,99.7148,0.3626,7.8168,0.124544446,0.3763,Caenorhabditis
769,96.4586,6319,0.4138,100,0.4148,22.3885,0.343250514,0.4479,Caenorhabditis
770,170.8366,6241,0.344,99.968,0.3182,28.6545,0.100945361,0.4057,Caenorhabditis
771,134.9974,6171,0.3734,100,0.4093,24.0404,0.078917517,0.5184,Caenorhabditis
772,112.8327,6206,0.3833,100,0.3846,36.1581,0.639542378,0.4146,Caenorhabditis
773,39.3015,6186,0.304,100,0.3098,9.9098,0.564985451,0.3032,Candida
774,111.8684,6130,0.3603,100,0.3538,50.7343,0.934420881,0.3564,Candida
775,70.256,5995,0.3632,77.4979,0.352,8.0437,0.207506255,0.4331,Caenorhabditis
776,24.5199,6038,0.3144,100,0.3199,9.0737,0.755382577,0.3281,Candida
777,87.2865,6025,0.3243,94.7386,0.3291,0.2183,0.045809129,0.4233,Caenorhabditis
778,20.9123,5966,0.3221,73.9356,0.3278,0,0,0,Candida
779,80.3057,5966,0.3417,78.3272,0.3533,28.6738,0.27723768,0.4031,Caenorhabditis
780,0.7523,5873,0.3607,38.379,0.375,1.0182,0.18644645,0.4144,Caenorhabditis
781,198.5921,5833,0.3478,100,0.3542,40.916,0.311503514,0.452,Caenorhabditis
782,128.1951,8681,0.4509,100,0.4524,2.523,0.074876166,0.5061,Caenorhabditis
783,34.4385,5683,0.3711,77.0192,0.3573,43.9528,0.179834594,0.395,Caenorhabditis
784,0.5792,5679,0.3316,47.2795,0.3427,0.3286,0.116041557,0.325,Caenorhabditis
785,196.4046,5679,0.4453,100,0.4446,25.0438,0.355344251,0.4801,Caenorhabditis
786,108.8894,5667,0.3788,100,0.3775,21.8278,0.351155814,0.5014,Caenorhabditis
787,195.2625,5664,0.4002,100,0.4013,51.9439,0.240289548,0.4116,Caenorhabditis
788,97.8596,5548,0.372,99.982,0.3726,31.538,0.567231435,0.4155,Caenorhabditis
789,97.6021,5627,0.3829,100,0.382,15.9918,0.337124578,0.3682,Caenorhabditis
790,190.6251,5594,0.458,100,0.4574,41.0563,0.355202002,0.5279,Caenorhabditis
791,145.7479,5462,0.3599,77.0231,0.3447,37.7296,0.296411571,0.3477,Caenorhabditis
792,31.0129,5501,0.3547,81.4579,0.3535,5.0874,0.259589166,0.381,Candida
793,48.5858,5294,0.3804,79.6184,0.3676,17.6868,0.666603702,0.4224,Caenorhabditis
794,164.8336,5283,0.3176,79.4814,0.3225,0,0,0,Caenorhabditis
795,192.2228,5184,0.3758,100,0.3737,67.6507,0.338734568,0.4733,Caenorhabditis
796,158.6265,5183,0.3656,86.5329,0.3644,34.9359,0.198919545,0.3844,Caenorhabditis
797,97.3694,5176,0.3246,100,0.3218,6.4123,0.120170015,0.4412,Caenorhabditis
798,0.1119,5148,0.3853,5.3419,0.325,0,0,0,Caenorhabditis
799,197.9564,5142,0.4271,100,0.4257,169.8547,0.263321665,0.4809,Caenorhabditis
800,86.448,5078,0.3688,94.0134,0.3772,17.8056,0.33970067,0.4586,Caenorhabditis
801,106.8274,6490,0.3588,100,0.3567,0,0,0,Caenorhabditis
802,151.1884,4995,0.3404,83.4034,0.334,2.5049,0.095495495,0.4553,Caenorhabditis
803,20.0206,4962,0.534,100,0.534,9.047,0.616485288,0.545,Candida
804,18.3044,4951,0.279,72.1066,0.2816,7.1588,0.4764694,0.304,Candida
805,198.4722,4909,0.3872,100,0.3883,26.558,0.195559177,0.4627,Caenorhabditis
806,40.1618,4890,0.3027,100,0.3032,15.944,0.81799591,0.3056,Candida
807,187.2297,4862,0.3258,100,0.3227,36.8675,0.246606335,0.3755,Caenorhabditis
808,19.6813,4861,0.3245,99.8971,0.324,0,0,0,Candida
809,132.9287,4783,0.3226,100,0.3273,12.0261,0.236044324,0.368,Caenorhabditis
810,20.5588,4748,0.3789,96.9882,0.3823,9.8962,0.928390901,0.3852,Candida
811,89.6211,4724,0.3795,100,0.3819,75.9761,0.349491956,0.4561,Caenorhabditis
812,155.2772,4672,0.2511,99.9786,0.2486,1.8149,0.078767123,0.2947,Caenorhabditis
813,104.0011,4506,0.3722,93.7861,0.362,49.1795,0.328672881,0.4501,Caenorhabditis
814,20.3954,4497,0.3222,100,0.3208,5.9197,0.601067378,0.3427,Candida
815,114.7781,4489,0.3609,68.3448,0.3499,42.284,0.312987302,0.4384,Caenorhabditis
816,203.2284,4465,0.3333,100,0.3332,40.2611,0.211422172,0.3952,Caenorhabditis
817,96.1216,4398,0.322,100,0.3212,38.917,0.315143247,0.4763,Caenorhabditis
818,89.2363,4393,0.4079,94.5368,0.4133,31.6727,0.374004097,0.523,Caenorhabditis
819,44.8837,4325,0.3354,99.9075,0.3103,3.2356,0.328554913,0.3109,Candida
820,44.0536,4362,0.3791,45.6442,0.4524,0.6554,0.178129298,0.4004,Caenorhabditis
821,82.0175,4351,0.3722,46.4261,0.3686,42.5516,0.341071018,0.3999,Caenorhabditis
822,100.8281,4275,0.3974,99.9766,0.3997,29.5782,0.591578947,0.4363,Caenorhabditis
823,97.9775,4275,0.3546,100,0.3554,7.0168,0.142222222,0.3965,Caenorhabditis
824,18.9482,4191,0.3553,100,0.3582,1.6702,0.146743021,0.3917,Candida
825,72.8783,4166,0.3188,92.8229,0.3126,0,0,0,Caenorhabditis
826,195.7674,4166,0.3556,100,0.3563,36.3562,0.321651464,0.4437,Caenorhabditis
827,100.7476,4096,0.3569,100,0.3534,33.49,0.327148438,0.396,Caenorhabditis
828,131.8427,4087,0.4164,100,0.4071,0,0,0,Caenorhabditis
829,175.1251,4078,0.4163,94.8504,0.4186,60.7685,0.647866601,0.4786,Caenorhabditis
830,28.9349,3995,0.3209,71.3392,0.3315,11.8383,0.499624531,0.3421,Candida
831,214.0005,4017,0.3454,100,0.3542,23.813,0.209609161,0.4375,Caenorhabditis
832,110.5259,3997,0.2922,100,0.3025,0,0,0,Caenorhabditis
833,91.4047,3941,0.4887,95.458,0.4899,39.201,0.835067242,0.4965,Caenorhabditis
834,94.0394,3936,0.3814,100,0.381,0.9563,0.06300813,0.4328,Caenorhabditis
835,82.9039,3901,0.3762,100,0.3664,0,0,0,Caenorhabditis
836,20.1495,3859,0.256,100,0.2573,7.2506,0.734905416,0.2408,Candida
837,0.4288,3836,0.3811,37.7477,0.357,0.1403,0.037799791,0.425,Caenorhabditis
838,193.0704,3762,0.329,99.8405,0.3294,38.0441,0.286018075,0.3392,Caenorhabditis
839,35.8052,3747,0.2885,100,0.2845,12.625,0.744328796,0.2997,Candida
840,169.7899,3698,0.3475,100,0.3441,9.1839,0.097620335,0.4391,Caenorhabditis
841,144.0649,3619,0.3211,98.121,0.3267,40.9337,0.406189555,0.3906,Caenorhabditis
842,90.8911,3627,0.371,99.8897,0.372,18.7179,0.29693962,0.3967,Caenorhabditis
843,191.6345,3576,0.3246,100,0.3262,1.5215,0.042785235,0.4169,Caenorhabditis
844,109.9057,3520,0.3125,100,0.3191,19.0224,0.310795455,0.3417,Caenorhabditis
845,201.911,3516,0.3629,81.7691,0.3613,56.9536,0.397042093,0.4082,Caenorhabditis
846,92.6687,3471,0.3162,83.3477,0.3044,0,0,0,Caenorhabditis
847,96.069,3492,0.3488,100,0.3445,19.2408,0.276059565,0.4214,Caenorhabditis
848,38.3672,3401,0.3387,99.6766,0.3363,0.8821,0.090855631,0.2467,Candida
849,19.1291,3393,0.3578,95.196,0.3573,6.4831,0.651340996,0.3557,Candida
850,19.8686,3365,0.3094,99.9703,0.3073,6.8336,0.683803863,0.2983,Candida
851,119.0383,3340,0.3742,100,0.3749,32.6722,0.411676647,0.4329,Caenorhabditis
852,100.8645,3335,0.3694,59.5202,0.4101,0,0,0,Caenorhabditis
853,97.1584,3328,0.3188,99.9399,0.3127,0,0,0,Caenorhabditis
854,205.9726,3286,0.3641,99.8783,0.3617,8.4233,0.139379184,0.4784,Caenorhabditis
855,2.057,3281,0.3754,99.6952,0.2883,0,0,0,Caenorhabditis
856,197.9575,3244,0.3856,100,0.382,151.9658,0.446054254,0.5149,Caenorhabditis
857,143.4928,3190,0.3296,99.4671,0.3284,0,0,0,Caenorhabditis
858,101.2775,3186,0.3387,100,0.3404,85.0251,0.304770873,0.515,Caenorhabditis
859,198.6404,3170,0.3589,100,0.3625,90.9073,0.42555205,0.4938,Caenorhabditis
860,20.5996,3127,0.4851,100,0.4827,2.6223,0.292932523,0.502,Candida
861,97.135,3127,0.4215,99.968,0.4193,39.3128,0.596098497,0.4809,Caenorhabditis
862,90.6687,3106,0.3683,100,0.373,42.8265,0.604958146,0.4125,Caenorhabditis
863,189.9984,3069,0.3161,100,0.3183,0,0,0,Caenorhabditis
864,0.3921,3050,0.4201,26.6885,0.3875,0.1134,0.097377049,0.5267,Caenorhabditis
865,93.5375,3027,0.3403,100,0.339,0,0,0,Caenorhabditis
866,19.8902,3005,0.4802,100,0.4783,3.5884,0.381697171,0.4753,Candida
867,90.3355,2957,0.2892,61.7856,0.2687,0,0,0,Caenorhabditis
868,20.3521,2942,0.449,100,0.4456,5.0918,0.39292998,0.453,Candida
869,195.3647,2931,0.3606,100,0.3609,83.0645,0.321392016,0.4841,Caenorhabditis
870,192.3508,2928,0.3823,100,0.3803,61.252,0.344945355,0.3968,Caenorhabditis
871,194.1266,2906,0.2681,100,0.2642,0,0,0,Caenorhabditis
872,19.7438,2884,0.5042,100,0.5003,5.8769,0.501733703,0.5124,Candida
873,348.6834,2849,0.3822,99.9649,0.3932,0,0,0,Caenorhabditis
874,22.9577,2743,0.2849,67.6267,0.2882,0,0,0,Candida
875,91.6052,2771,0.4182,96.8964,0.4026,11.1375,0.292674125,0.5888,Caenorhabditis
876,104.7316,2738,0.3733,100,0.3755,40.0321,0.737764792,0.3794,Caenorhabditis
877,91.0186,2583,0.3295,100,0.3252,0,0,0,Caenorhabditis
878,175.0487,2650,0.3828,99.5849,0.3801,66.9709,0.640377358,0.4065,Caenorhabditis
879,76.2917,2650,0.3438,88.3396,0.3423,22.4109,0.393207547,0.3755,Caenorhabditis
880,1.3847,2649,0.373,66.7799,0.3738,1.328,0.216685542,0.365,Caenorhabditis
881,97.0935,2631,0.3592,100,0.3594,0,0,0,Caenorhabditis
882,163.9659,2555,0.3632,100,0.3984,0,0,0,Caenorhabditis
883,102.1459,2564,0.3701,100,0.3661,8.9653,0.183697348,0.397,Caenorhabditis
884,95.8679,2559,0.279,99.9609,0.2799,2.8761,0.103165299,0.3986,Caenorhabditis
885,406.8948,2539,0.4677,98.1489,0.4628,233.8507,0.929893659,0.4796,Caenorhabditis
886,95.823,2475,0.3297,100,0.3281,9.3265,0.101414141,0.4362,Caenorhabditis
887,192.7747,2526,0.3345,100,0.3356,0,0,0,Caenorhabditis
888,301.7397,2474,0.3875,81.4066,0.397,0,0,0,Caenorhabditis
889,0,2434,0.3761,0,0,0,0,0,Caenorhabditis
890,99.6035,2328,0.3561,100,0.3624,2.1585,0.06443299,0.4275,Caenorhabditis
891,21.679,2374,0.3328,100,0.3311,9.4478,0.741786015,0.3361,Candida
892,18.3152,2367,0.3278,100,0.3196,1.4787,0.280946346,0.3531,Candida
893,101.9867,2332,0.3979,100,0.396,0,0,0,Caenorhabditis
894,185.6121,2315,0.374,90.1512,0.3831,9.7564,0.656155508,0.4263,Caenorhabditis
895,432.0972,2316,0.3811,94.6028,0.3883,0,0,0,Caenorhabditis
896,18.6665,2279,0.2707,100,0.2758,3.9491,0.40236946,0.2502,Candida
897,143.714,2241,0.3758,100,0.3837,33.0129,0.674698795,0.4186,Caenorhabditis
898,79.793,2232,0.3413,83.7366,0.3664,26.6375,0.323924731,0.5345,Caenorhabditis
899,95.7334,2209,0.3522,100,0.353,34.895,0.330918968,0.4671,Caenorhabditis
900,0,2201,0.3521,0,0,2.5766,0.308496138,0.4791,Caenorhabditis
901,108.2241,2195,0.3795,100,0.3782,31.8355,0.386332574,0.4363,Caenorhabditis
902,7.1902,2187,0.2904,71.422,0.3052,2.2487,0.56698674,0.3596,Candida
903,191.2473,2167,0.3341,100,0.3293,81.2958,0.426395939,0.3541,Caenorhabditis
904,19.0092,2166,0.4326,100,0.4284,8.3093,0.861495845,0.4372,Candida
905,0,2133,0.3554,0,0,0,0,0,Caenorhabditis
906,171.9694,2091,0.3863,99.9044,0.3847,25.4232,0.281683405,0.3892,Caenorhabditis
907,20.1392,2083,0.4926,100,0.4949,1.4042,0.115218435,0.5267,Candida
908,99.2197,2066,0.3587,100,0.3577,0,0,0,Caenorhabditis
909,4.9695,2066,0.3582,46.4666,0.3361,0,0,0,Caenorhabditis
910,85.3415,2047,0.4022,100,0.4167,29.7294,0.79433317,0.4361,Caenorhabditis
911,131.558,2036,0.3381,100,0.3272,27.8978,0.258349705,0.4636,Caenorhabditis
912,100.1555,2019,0.3224,100,0.324,20.2977,0.200099059,0.3821,Caenorhabditis
913,9.5774,1997,0.322,100,0.2917,0.4587,0.140711067,0.3733,Caenorhabditis
914,90.2658,1979,0.242,100,0.2318,24.6145,0.434562911,0.2537,Caenorhabditis
915,167.2665,1966,0.4115,100,0.435,0,0,0,Caenorhabditis
916,90.2632,1964,0.3359,100,0.3484,40.1512,0.633910387,0.3706,Caenorhabditis
917,223.7916,1963,0.295,100,0.2982,10.0097,0.126846663,0.3843,Caenorhabditis
918,174.9271,1949,0.2848,100,0.2838,0,0,0,Caenorhabditis
919,118.8847,1917,0.3307,100,0.3234,0,0,0,Caenorhabditis
920,189.1977,1912,0.3745,100,0.3823,44.8886,0.361924686,0.444,Caenorhabditis
921,0,1910,0.428,0,0,0,0,0,Caenorhabditis
922,97.2514,1897,0.389,100,0.3946,13.8888,0.335793358,0.4655,Caenorhabditis
923,19.2551,1866,0.5086,100,0.5098,0,0,0,No BLAST hit
924,6.1655,1849,0.3661,22.4446,0.4429,0,0,0,Caenorhabditis
925,181.3456,1768,0.3575,99.8303,0.3579,31.3722,0.27658371,0.4338,Caenorhabditis
926,0,1845,0.3436,0,0,0.31,0.159349593,0.3683,Caenorhabditis
927,122.667,1838,0.3667,99.8912,0.362,0,0,0,Caenorhabditis
928,157.1252,1829,0.3794,99.8907,0.3741,2.9317,0.658829962,0.3847,Caenorhabditis
929,166.6924,1827,0.4647,100,0.4727,0,0,0,Caenorhabditis
930,169.386,1824,0.4359,100,0.4273,0,0,0,Caenorhabditis
931,19.8196,1813,0.3287,100,0.3277,7.1125,0.707115279,0.3415,Candida
932,181.4175,1794,0.3634,94.5931,0.366,43.7258,0.536231884,0.3488,Caenorhabditis
933,83.6365,1769,0.4376,100,0.4444,0,0,0,Caenorhabditis
934,94.671,1760,0.3562,100,0.3551,22.0045,0.409090909,0.3759,Caenorhabditis
935,587.463,1691,0.434,99.4678,0.3991,9.0296,0.252513306,0.5282,Caenorhabditis
936,85.9117,1744,0.3739,99.7133,0.3712,0,0,0,Caenorhabditis
937,20.7151,1734,0.2393,100,0.2429,8.605,0.848327566,0.2306,Candida
938,183.3444,1722,0.3943,100,0.3888,192.378,0.817073171,0.4234,Caenorhabditis
939,188.824,1722,0.3184,100,0.3104,73.9814,0.476771196,0.4348,Caenorhabditis
940,39.7835,1714,0.4209,98.2497,0.4181,1.7491,0.189031505,0.3987,Candida
941,107.824,1693,0.2823,100,0.2799,15.0496,0.25516834,0.4033,Caenorhabditis
942,110.081,1678,0.3053,99.8808,0.3111,0,0,0,Caenorhabditis
943,73.2886,1670,0.4047,71.3174,0.4242,61.5521,0.606586826,0.4508,Caenorhabditis
944,126.6228,1649,0.3299,100,0.3508,28.5706,0.420861128,0.3254,Caenorhabditis
945,0,1645,0.3526,0,0,0,0,0,Caenorhabditis
946,198.7224,1621,0.3566,100,0.3535,0,0,0,Caenorhabditis
947,107.688,1593,0.3258,100,0.328,0,0,0,Caenorhabditis
948,23.4432,1577,0.2498,100,0.2437,8.624,0.939124921,0.2528,Candida
949,187.5632,1559,0.4054,100,0.4024,23.1931,0.228992944,0.5302,Caenorhabditis
950,2.1752,1558,0.3273,99.8074,0.3527,0,0,0,Caenorhabditis
951,16.9523,1532,0.3172,99.2167,0.3258,5.8629,0.693211488,0.3254,Candida
952,89.6603,1528,0.3279,99.8037,0.3184,0,0,0,Caenorhabditis
953,84.8157,1525,0.3967,99.9344,0.3968,21.3403,0.514098361,0.4639,Caenorhabditis
954,46.4884,1464,0.3151,99.9317,0.3235,0,0,0,Candida
955,93.8885,1507,0.3185,100,0.3136,10.43,0.216987392,0.3647,Caenorhabditis
956,13.6607,1497,0.3928,54.509,0.4481,0,0,0,Caenorhabditis
957,191.4892,1488,0.3407,100,0.3394,0,0,0,Caenorhabditis
958,20.0759,1488,0.5114,100,0.5154,1.3401,0.172715054,0.4668,Candida
959,18.1837,1481,0.3531,99.3248,0.3442,0,0,0,No BLAST hit
960,180.4997,1479,0.3435,100,0.3357,5.1359,0.086544963,0.4535,Caenorhabditis
961,1.1419,1466,0.3377,18.4857,0.3319,0,0,0,Caenorhabditis
962,0,1452,0.4311,0,0,0.2383,0.205922865,0.54,Caenorhabditis
963,86.5479,1442,0.2843,100,0.2798,0,0,0,Caenorhabditis
964,26.1765,1439,0.3454,83.4607,0.2871,2.9722,0.15913829,0.4617,Caenorhabditis
965,34.113,1433,0.418,100,0.3897,0,0,0,Candida
966,164.2192,1419,0.4616,100,0.4577,0,0,0,Caenorhabditis
967,137.5942,1417,0.4199,100,0.42,59.7572,0.635144672,0.4408,Caenorhabditis
968,19.1207,1409,0.4656,100,0.4645,0,0,0,No BLAST hit
969,92.5875,1389,0.3218,100,0.3178,0,0,0,Caenorhabditis
970,90.8074,1386,0.3304,100,0.3349,12.987,0.298701299,0.3818,Caenorhabditis
971,52.2103,1384,0.3798,100,0.3795,27.7132,0.966040462,0.3842,Candida
972,89.8085,1384,0.4025,100,0.402,28.1438,0.203757225,0.4044,Caenorhabditis
973,2.1434,1374,0.4039,37.0451,0.4682,6.4978,0.203056769,0.4094,Caenorhabditis
974,19.8343,1358,0.5361,100,0.5337,0,0,0,No BLAST hit
975,171.5388,1288,0.3486,100,0.3501,0,0,0,Caenorhabditis
976,20.4248,1330,0.2286,100,0.2229,9.4248,0.920300752,0.2203,Candida
977,23.2902,1323,0.3137,99.2441,0.2812,2.2676,0.185185185,0.3947,Candida
978,402.4199,1317,0.2892,100,0.2934,0,0,0,Caenorhabditis
979,20.5791,1309,0.4668,100,0.4661,0,0,0,No BLAST hit
980,20.8269,1300,0.3808,100,0.3815,7.6923,0.798461538,0.3848,Candida
981,88.2272,1294,0.3099,100,0.303,5.6777,0.225656878,0.3576,Caenorhabditis
982,89.7964,1208,0.3601,100,0.3593,0,0,0,Candida
983,360.2836,1273,0.3423,100,0.3334,0,0,0,Caenorhabditis
984,34.7759,1272,0.3463,97.956,0.3586,26.1101,0.886006289,0.3801,Caenorhabditis
985,21.2809,1264,0.4984,100,0.503,7.5111,0.77056962,0.4864,Candida
986,37.7658,1153,0.3287,99.9133,0.318,0,0,0,Candida
987,293.109,1239,0.4044,100,0.4046,0,0,0,Caenorhabditis
988,16.0154,1236,0.3293,97.7346,0.3359,0,0,0,Candida
989,0.2425,1233,0.3528,23.0333,0.3233,0.3739,0.177615572,0.5267,Caenorhabditis
990,0,1218,0.3309,0,0,0,0,0,Caenorhabditis
991,33.163,1215,0.263,99.9177,0.27,5.1835,0.36872428,0.3101,Candida
992,169.5627,1205,0.3892,99.917,0.3843,60.6415,0.557676349,0.413,Caenorhabditis
993,177.0142,1201,0.4138,100,0.4159,96.9117,1,0.4122,Caenorhabditis
994,75.2995,1192,0.432,99.9161,0.4447,28.1133,0.487416107,0.5176,Caenorhabditis
995,92.7257,1192,0.3742,100,0.3772,20.0378,0.55033557,0.4297,Caenorhabditis
996,0,1191,0.3081,0,0,0,0,0,Caenorhabditis
997,81.7078,1191,0.3048,100,0.3014,33.1965,0.58270361,0.293,Caenorhabditis
998,176.0709,1185,0.4294,99.8312,0.4366,0.108,0.108016878,0.4,Caenorhabditis
999,182.9848,1182,0.4056,100,0.4023,38.9729,0.399323181,0.5196,Caenorhabditis
1000,188.7487,1182,0.3215,100,0.324,10.3206,0.272419628,0.4304,Caenorhabditis
1001,93.6655,1178,0.3107,100,0.2975,29.2946,0.317487267,0.391,Caenorhabditis
1002,206.1793,1160,0.444,100,0.4545,0.3103,0.130172414,0.5633,Caenorhabditis
1003,78.4791,1146,0.3325,99.9127,0.3279,36.6579,0.602094241,0.3844,Caenorhabditis
1004,70.2216,1137,0.3632,99.6482,0.3708,6.628,0.201407212,0.4441,Caenorhabditis
1005,17.9894,1137,0.4925,100,0.4957,7.7643,0.744942832,0.4845,Candida
1006,13.1752,1136,0.3231,100,0.3357,0,0,0,Candida
1007,83.6605,1134,0.3713,99.8236,0.3635,0,0,0,Caenorhabditis
1008,91.3006,1131,0.405,100,0.4032,2.6525,0.181255526,0.4507,Caenorhabditis
1009,100.358,1120,0.3804,100,0.3947,36.2571,0.55625,0.4558,Caenorhabditis
1010,387.8598,1120,0.3945,99.9107,0.4074,0,0,0,Caenorhabditis
1011,74.6848,1101,0.3379,99.8183,0.3378,0,0,0,Caenorhabditis
1012,72.8703,1095,0.3626,99.2694,0.3647,15.3872,0.35890411,0.4157,Caenorhabditis
1013,188.0856,1087,0.4042,100,0.396,68.2006,0.665133395,0.4579,Caenorhabditis
1014,164.638,1083,0.375,100,0.3668,50.3352,0.818097876,0.3834,Caenorhabditis
1015,540.3562,1078,0.4419,100,0.4427,218.2226,0.87755102,0.4669,Caenorhabditis
1016,87.4478,1072,0.3853,100,0.3746,29.0868,0.574626866,0.4302,Caenorhabditis
1017,0.2833,1059,0.3636,24.8347,0.4667,0,0,0,Caenorhabditis
1018,151.6847,1056,0.375,99.6212,0.3664,3.9773,0.391098485,0.466,Caenorhabditis
1019,151.4234,1044,0.3793,100,0.3809,39.4464,0.644636015,0.3713,Caenorhabditis
1020,69.5173,1040,0.3029,99.4231,0.3128,0,0,0,Caenorhabditis
1021,83.0647,1036,0.3263,100,0.305,0,0,0,Caenorhabditis
1022,20.3716,1028,0.5068,100,0.5074,0,0,0,No BLAST hit
1023,16.8536,1011,0.2641,99.9011,0.2683,0,0,0,Candida
1024,17.0683,1010,0.5089,100,0.5136,13.0416,0.871287129,0.5284,Candida
1025,75.792,1005,0.398,99.801,0.3915,23.006,0.597014925,0.4183,Caenorhabditis